Name,Team,Position,Cost,Creativity,Influence,Threat,ICT,Goals_conceded,Goals_scored,Assists,Own_goals,Penalties_missed,Penalties_saved,Saves,Yellow_cards,Red_cards,TSB,Minutes,Bonus,Points
Adam Smith,BOU,DEF,45,345.5,455,144,94.5,38,1,3,0,0,0,0,6,0,0.3,2067,3,56
Adrian,WHU,GKP,45,0,470.4,0,47,29,0,0,0,0,0,69,2,0,0.6,1710,5,72
Aguero,MCI,FWD,110,570.8,966.4,1484,302.5,12,21,6,0,0,0,0,2,0,12.6,1960,22,169
Ake,BOU,DEF,50,115.1,932.4,287,133.5,59,2,3,0,0,0,0,5,0,5.7,3352,8,102
Albrighton,LEI,MID,55,718.3,580,300,160.2,42,2,8,0,0,0,0,5,1,1.1,2533,12,107
Alderweireld,TOT,DEF,60,67.8,249.2,50,36.8,13,0,0,0,0,0,0,3,0,3.6,1177,3,43
Alexander-Arnold,LIV,DEF,50,399.2,358.2,142,90.1,17,1,2,0,0,0,0,3,0,16.8,1573,10,83
Alisson,LIV,GKP,55,0,0,0,0,0,0,0,0,0,0,0,0,0,8.8,0,0,0
Alli,TOT,MID,90,878.5,775.2,934,258.8,28,9,13,0,0,0,0,7,0,3.6,2957,12,175
Alonso,CHE,DEF,65,549.6,697.8,822,207.1,30,7,2,0,0,0,0,6,0,16.9,2855,15,165
Amartey,LEI,MID,45,10.3,81.2,0,9.2,7,0,0,0,0,0,0,0,1,0.2,486,0,13
Ampadu,CHE,MID,45,0,7.4,0,0.7,1,0,0,0,0,0,0,0,0,0,10,0,1
Andone,BHA,FWD,50,0,0,0,0,0,0,0,0,0,0,0,0,0,0.4,0,0,0
Antonio,WHU,MID,70,256.3,296.6,393,94.6,23,3,2,0,0,0,0,1,0,4.1,1350,1,62
Armstrong,SOU,MID,55,0,0,0,0,0,0,0,0,0,0,0,0,0,0.3,0,0,0
Arnautovic,WHU,FWD,70,543,713.8,1155,241.1,50,11,7,0,0,0,0,5,1,24.4,2309,12,144
Arter,BOU,MID,50,76.1,146,69,29.2,13,1,0,0,0,0,0,4,0,0.5,959,0,27
Atsu,NEW,MID,55,340.6,308.8,480,112.9,22,2,4,0,0,0,0,1,0,0.1,1776,5,78
Aubameyang,ARS,FWD,110,207.1,484,580,127.1,15,10,4,0,1,0,0,0,0,25,1056,12,87
Aurier,TOT,DEF,60,236.5,367.2,209,81.4,13,2,2,0,0,0,0,1,1,1.8,1427,9,77
Austin,SOU,FWD,60,89.4,302.8,689,107.7,15,7,1,0,0,0,0,2,0,2.7,1024,9,72
Ayite,FUL,MID,45,0,0,0,0,0,0,0,0,0,0,0,0,0,0.3,0,0,0
Azpilicueta,CHE,DEF,65,535.7,967.4,168,167.5,38,2,6,1,0,0,0,1,0,15.8,3330,25,175
Bacuna,HUD,MID,45,0,0,0,0,0,0,0,0,0,0,0,0,0,0.2,0,0,0
Bailly,MUN,DEF,55,28.4,222,79,33,6,1,0,1,0,0,0,2,0,5.3,1000,3,55
Baines,EVE,DEF,55,373.5,407.4,102,88.2,34,2,3,0,0,0,0,1,0,2.5,1909,10,82
Bakayoko,CHE,MID,50,279.5,415.4,434,113.2,24,2,2,0,0,0,0,3,1,0.3,2121,5,77
Balbuena,WHU,DEF,45,0,0,0,0,0,0,0,0,0,0,0,0,0,0.4,0,0,0
Baldock,BHA,FWD,45,0.8,0.4,6,0.7,1,0,0,0,0,0,0,0,0,2,30,0,2
Balogun,BHA,DEF,45,0,0,0,0,0,0,0,0,0,0,0,0,0,0.2,0,0,0
Bamba,CAR,DEF,45,0,0,0,0,0,0,0,0,0,0,0,0,0,1.1,0,0,0
Baningime,EVE,MID,45,3.8,9.4,0,1.3,2,0,0,0,0,0,0,1,0,0.1,192,0,7
Bardsley,BUR,DEF,45,117.5,229.4,35,38.3,13,0,0,0,0,0,0,5,0,0.2,1125,0,33
Barkley,CHE,MID,60,34.7,21,45,10.1,4,0,0,0,0,0,0,0,0,0.4,129,0,3
Barnes,BUR,FWD,60,274.8,407.2,797,145.8,23,9,0,0,0,0,0,10,0,1.3,2150,9,92
Batth,WOL,DEF,40,0,0,0,0,0,0,0,0,0,0,0,0,0,1.6,0,0,0
Bednarek,SOU,DEF,40,1.9,110,19,13.1,5,1,0,0,0,0,0,1,0,6.1,427,0,22
Begovic,BOU,GKP,45,20,790.8,0,80.8,61,0,0,0,0,1,111,2,0,4.7,3420,6,112
Bellerin,ARS,DEF,55,561,554,484,160.1,44,2,4,0,0,0,0,5,0,12.9,3050,11,132
Benalouane,LEI,DEF,40,1.3,24.8,18,4.4,2,0,0,0,0,0,0,0,0,0.7,90,0,1
Bennett,CAR,DEF,45,0,0,0,0,0,0,0,0,0,0,0,0,0,0.4,0,0,0
Bennett,WOL,DEF,40,0,0,0,0,0,0,0,0,0,0,0,0,0,4.4,0,0,0
Benteke,CRY,FWD,65,406.7,325.2,845,157.5,36,3,7,0,1,0,0,6,0,1.2,2234,5,84
Bernardo,BHA,DEF,45,0,0,0,0,0,0,0,0,0,0,0,0,0,0.2,0,0,0
Bernardo Silva,MCI,MID,75,508.7,475.6,464,144.4,10,6,5,0,0,0,0,0,0,0.7,1514,8,112
Bertrand,SOU,DEF,50,589.1,515.2,286,139.3,49,0,5,0,0,0,0,2,0,4.9,3135,4,103
Bettinelli,FUL,GKP,45,0,0,0,0,0,0,0,0,0,0,0,0,0,0.7,0,0,0
Billing,HUD,MID,45,58.6,111.4,26,19.3,11,0,0,0,0,0,0,3,0,0.1,755,0,22
Bissouma,BHA,MID,50,0,0,0,0,0,0,0,0,0,0,0,0,0,0,0,0,0
Blind,MUN,DEF,50,93,65.8,15,17.3,0,0,0,0,0,0,0,0,0,0.1,360,1,28
Bogle,CAR,FWD,45,0,0,0,0,0,0,0,0,0,0,0,0,0,0.9,0,0,0
Bolasie,EVE,MID,60,109,98.6,204,40.8,14,1,1,0,0,0,0,0,0,0.5,848,0,35
Boly,WOL,DEF,45,0,0,0,0,0,0,0,0,0,0,0,0,0,2,0,0,0
Bonatini,WOL,FWD,50,0,0,0,0,0,0,0,0,0,0,0,0,0,1.3,0,0,0
Bong,BHA,DEF,45,154.6,346.2,18,52.1,36,0,0,1,0,0,0,2,0,0.2,2237,5,63
Boruc,BOU,GKP,40,0,0,0,0,0,0,0,0,0,0,0,0,0,6.9,0,0,0
Boufal,SOU,MID,55,351.6,289.4,397,103.7,24,2,2,0,0,0,0,1,0,0.1,1206,2,55
Brady,BUR,MID,55,477.9,273.8,221,97.3,12,1,4,0,0,0,0,3,0,0.1,1277,7,56
Bravo,MCI,GKP,50,0,45.2,0,4.5,1,0,0,0,0,0,4,0,0,0.2,224,1,10
Britos,WAT,DEF,45,42.7,180.4,51,27.3,16,1,0,0,0,0,0,3,1,0.1,795,0,22
Brooks,BOU,MID,50,0,0,0,0,0,0,0,0,0,0,0,0,0,0.1,0,0,0
Bruno,BHA,DEF,45,174.1,360.4,35,57.2,23,0,0,0,0,0,0,3,0,0.3,2014,8,84
Button,BHA,GKP,40,0,0,0,0,0,0,0,0,0,0,0,0,0,2.5,0,0,0
Byram,WHU,DEF,45,37.6,71,36,14.5,7,0,0,0,0,0,0,1,0,0,246,0,5
Caballero,CHE,GKP,50,0,55.2,0,5.5,4,0,0,0,0,0,7,0,0,0.1,270,0,11
Cahill,CHE,DEF,55,55.6,496.6,99,65.4,27,0,0,0,0,0,0,1,1,1.1,2082,2,74
Cairney,FUL,MID,50,0,0,0,0,0,0,0,0,0,0,0,0,0,3.6,0,0,0
Calvert-Lewin,EVE,FWD,55,322.6,354,630,130.2,28,4,8,0,0,0,0,4,0,2.4,1871,3,88
Capoue,WAT,MID,50,165.9,280.2,150,59.7,29,1,1,0,0,0,0,3,0,0.3,1537,0,48
Carrillo,SOU,FWD,55,64.2,50.2,179,29.4,8,0,1,0,0,0,0,0,0,0,449,0,15
Carroll,WHU,FWD,55,110.2,145.4,344,58.8,13,3,1,0,0,0,0,5,1,0.1,742,6,36
Cathcart,WAT,DEF,45,2,120,23,14.6,6,0,0,0,0,0,0,1,0,0.1,495,0,14
Cavaleiro,WOL,MID,55,0,0,0,0,0,0,0,0,0,0,0,0,0,0.8,0,0,0
Cech,ARS,GKP,50,0,722.4,0,71.9,48,0,0,0,0,1,90,1,0,1.1,3039,7,124
Chalobah,WAT,MID,45,26.5,78.8,95,20,7,0,0,0,0,0,0,1,0,0.9,447,0,13
Chamberlain,LIV,MID,65,625.1,548,494,166.5,28,3,7,0,0,0,0,3,0,0.1,1718,5,94
Chambers,ARS,DEF,45,40,227.8,134,40.2,14,0,0,0,0,0,0,1,0,0.6,864,0,23
Chicharito,WHU,FWD,65,312.4,373.6,476,115,36,8,2,0,0,0,0,3,0,2.5,1537,14,93
Chilwell,LEI,DEF,50,332.1,382.8,63,78,30,0,2,0,0,0,0,1,1,0.1,1848,4,65
Choudhury,LEI,MID,45,20.2,68,16,10.4,9,0,1,0,0,0,0,1,0,0.1,375,0,13
Christensen,CHE,DEF,55,66.5,466.6,109,64.3,23,0,0,0,0,0,0,0,0,1.8,2067,4,79
Christie,FUL,DEF,45,0,0,0,0,0,0,0,0,0,0,0,0,0,0.2,0,0,0
Clark,NEW,DEF,45,50.8,433.6,190,67.5,30,2,1,0,0,0,0,3,0,0,1745,6,64
Cleverley,WAT,MID,50,464.8,332.2,124,92.1,33,1,2,0,1,0,0,1,1,0,1900,3,58
Clyne,LIV,DEF,50,23.8,21.8,41,8.7,1,0,0,0,0,0,0,1,0,0.5,173,0,7
Coady,WOL,DEF,45,0,0,0,0,0,0,0,0,0,0,0,0,0,0.6,0,0,0
Coleman,EVE,DEF,55,113.7,227.6,69,41.2,12,0,1,0,0,0,0,0,0,4,1035,0,39
Connolly,CAR,DEF,40,0,0,0,0,0,0,0,0,0,0,0,0,0,1.8,0,0,0
Cork,BUR,MID,50,332.8,589.6,265,119,39,2,1,0,0,0,0,7,0,1.1,3420,6,100
Costa,WOL,MID,50,0,0,0,0,0,0,0,0,0,0,0,0,0,1.1,0,0,0
Courtois,CHE,GKP,55,0,549,0,55.2,34,0,0,0,0,0,77,2,0,7.2,3150,4,136
Cresswell,WHU,DEF,55,562.7,690.2,193,145,60,1,7,0,0,0,0,7,0,2.4,3069,10,118
Cunningham,CAR,DEF,45,0,0,0,0,0,0,0,0,0,0,0,0,0,0.1,0,0,0
Cedric,SOU,DEF,45,455.6,507,159,112.3,44,0,3,0,0,0,0,3,0,15.7,2794,2,85
Dahlberg,WAT,GKP,45,0,0,0,0,0,0,0,0,0,0,0,0,0,0.1,0,0,0
Dalot,MUN,DEF,55,0,0,0,0,0,0,0,0,0,0,0,0,0,0.2,0,0,0
Damour,CAR,MID,45,0,0,0,0,0,0,0,0,0,0,0,0,0,0.1,0,0,0
Daniels,BOU,DEF,45,479.7,582.2,196,125.9,50,1,3,0,0,0,0,0,0,17.3,3001,4,94
Danilo,MCI,DEF,55,158.1,376,176,71.1,11,3,2,0,0,0,0,2,0,1.1,1340,8,100
Dann,CRY,DEF,45,62.3,342.2,268,67,26,1,0,0,0,0,0,4,0,0,1434,0,32
Darlow,NEW,GKP,45,0,258.8,0,25.9,15,0,0,1,0,0,35,0,0,0.1,900,2,33
Darmian,MUN,DEF,50,25.3,95,6,12.6,3,0,0,0,0,0,0,0,0,0.1,443,3,27
David Luiz,CHE,DEF,55,22.3,210.2,65,29.6,13,1,2,0,0,0,0,3,1,0.4,838,0,32
David Silva,MCI,MID,85,1118.5,875.8,867,286.5,18,9,11,0,0,0,0,5,0,6.6,2431,26,169
Davies,TOT,DEF,60,698.8,610,201,151,20,2,7,0,0,0,0,3,0,8.4,2323,14,143
Davies,EVE,MID,55,207.2,242.8,218,65.8,24,2,2,0,0,0,0,7,0,0.3,1892,3,66
Davis,SOU,MID,50,350.8,345.2,126,82.5,21,3,2,0,0,0,0,0,0,0.2,1515,6,71
De Bruyne,MCI,MID,100,1744.2,1146.6,797,368.9,22,8,18,0,0,0,0,2,0,27.6,3073,25,209
De Gea,MUN,GKP,60,10,821.2,0,83.4,28,0,0,0,0,0,115,0,0,30.2,3330,10,172
Deeney,WAT,FWD,60,349.4,343,566,125.3,30,5,2,0,2,0,0,1,1,0.9,1836,7,73
Defoe,BOU,FWD,60,144.9,209.4,539,88.9,21,4,2,0,0,0,0,1,0,0.7,1075,5,60
Defour,BUR,MID,55,310.8,353.8,117,78.4,17,1,1,0,0,0,0,6,0,0,1998,0,62
Delph,MCI,DEF,55,263.7,369.2,62,69.4,17,1,2,0,0,0,0,2,0,0.4,1740,0,55
Dembele,TOT,MID,50,303.1,309.2,73,68.5,22,0,0,0,0,0,0,6,0,1.1,1875,3,52
Depoitre,HUD,FWD,55,191.4,352,451,99.6,34,6,2,0,0,0,0,1,0,1.8,1807,14,94
Deulofeu,WAT,MID,55,141.3,92.4,124,35.8,3,1,1,0,0,0,0,0,0,3.7,433,3,25
Diabate,LEI,MID,50,130.8,98.6,67,29.7,12,0,1,0,0,0,0,1,0,0.1,579,0,21
Diakhaby,HUD,MID,50,0,0,0,0,0,0,0,0,0,0,0,0,0,0,0,0,0
Diame,NEW,MID,50,214.2,431.8,203,85.3,27,2,0,0,0,0,0,3,0,0.1,2034,3,70
Diaz,MCI,MID,50,5.6,6.8,53,6.6,1,0,0,0,0,0,0,0,0,0.1,50,0,5
Dier,TOT,MID,50,293.4,604.2,289,118.6,30,0,2,0,0,0,0,4,0,1.8,2822,2,85
Diop,WHU,DEF,45,0,0,0,0,0,0,0,0,0,0,0,0,0,1.4,0,0,0
Doherty,WOL,DEF,45,0,0,0,0,0,0,0,0,0,0,0,0,0,0.7,0,0,0
Doucoure,WAT,MID,60,595.8,859,537,199.7,63,7,4,0,0,0,0,10,0,6.4,3324,16,136
Douglas,WOL,DEF,50,0,0,0,0,0,0,0,0,0,0,0,0,0,3.9,0,0,0
Drinkwater,CHE,MID,50,88.1,116.4,54,25.7,7,1,0,0,0,0,0,0,0,0.2,520,1,24
Dubravka,NEW,GKP,50,0,234.6,0,23.3,11,0,0,0,0,1,26,0,0,0.8,1080,5,53
Duffy,BHA,DEF,45,98.9,1027.6,361,148.9,52,0,2,0,0,0,0,8,0,0.7,3292,7,100
Dummett,NEW,DEF,45,97.8,333.6,58,49,18,0,0,0,0,0,0,1,0,0.2,1602,0,52
Dunk,BHA,DEF,45,147.8,1002.8,425,157.9,54,1,1,4,0,0,0,7,0,3.8,3420,7,97
Durm,HUD,DEF,45,0,0,0,0,0,0,0,0,0,0,0,0,0,0.3,0,0,0
Ecuele Manga,CAR,DEF,45,0,0,0,0,0,0,0,0,0,0,0,0,0,0.2,0,0,0
Ederson,MCI,GKP,55,10,546.2,0,55.6,26,0,0,0,0,2,58,1,0,16.6,3195,10,158
Elliot,NEW,GKP,45,0,364.2,0,36.5,21,0,0,0,0,1,44,0,0,0.5,1440,4,57
Elneny,ARS,MID,45,194.4,138.2,92,42.5,12,0,1,0,0,0,0,3,1,3.4,865,0,22
Elyounoussi,SOU,MID,65,0,0,0,0,0,0,0,0,0,0,0,0,0,0.8,0,0,0
Emerson,CHE,DEF,55,28.7,61.8,48,13.8,4,0,1,0,0,0,0,0,0,0.3,278,0,14
Enobakhare,WOL,MID,45,0,0,0,0,0,0,0,0,0,0,0,0,0,0.4,0,0,0
Eriksen,TOT,MID,95,1487,1072.6,1021,358.2,33,11,10,0,0,0,0,0,0,16.9,3218,23,199
Etheridge,CAR,GKP,45,0,0,0,0,0,0,0,0,0,0,0,0,0,0.4,0,0,0
Evans,LEI,DEF,50,104.2,536.2,211,85.1,38,2,2,1,0,0,0,7,0,1.4,2269,5,78
Fabianski,WHU,GKP,45,10,1087.8,0,109.9,56,0,0,0,0,3,137,0,0,23.3,3420,14,157
Fabinho,LIV,MID,60,0,0,0,0,0,0,0,0,0,0,0,0,0,2.2,0,0,0
Felipe Anderson,WHU,MID,70,0,0,0,0,0,0,0,0,0,0,0,0,0,4.6,0,0,0
Fellaini,MUN,MID,50,88.2,246,264,59.8,1,4,0,0,0,0,0,1,0,0.9,611,3,47
Fernandes,WHU,MID,45,97.3,110.8,77,28.6,20,0,2,0,0,0,0,1,0,0.4,840,0,29
Fernandinho,MCI,MID,55,511.9,800.2,411,172.4,24,5,4,0,0,0,0,7,0,5.8,2880,9,120
Firmino,LIV,FWD,95,834.5,951,1341,312.7,32,15,8,0,0,0,0,1,0,37.7,2760,29,181
Foden,MCI,MID,50,32.1,29.2,10,7.1,1,0,1,0,0,0,0,0,0,0.1,45,0,8
Fonte,FUL,MID,45,0,0,0,0,0,0,0,0,0,0,0,0,0,0.5,0,0,0
Forster,SOU,GKP,45,0,488.2,0,48.9,30,0,0,0,0,1,69,0,0,1.5,1800,6,73
Foster,WAT,GKP,45,20,716.8,0,73.8,55,0,0,0,0,0,99,2,0,3.9,3330,11,123
Francis,BOU,DEF,45,418.4,726.8,163,131,47,0,1,0,0,0,0,8,1,0.5,2708,3,56
Fraser,BOU,MID,55,646.6,492.8,413,155,38,5,3,0,0,0,0,0,0,0.8,2003,13,97
Fred,MUN,MID,60,0,0,0,0,0,0,0,0,0,0,0,0,0,3.7,0,0,0
Fredericks,WHU,DEF,50,0,0,0,0,0,0,0,0,0,0,0,0,0,0.7,0,0,0
Fuchs,LEI,DEF,45,282.2,396.6,55,73.5,35,0,1,1,0,0,0,1,0,0.7,1917,8,57
Fabregas,CHE,MID,65,1349.3,713.8,485,254.9,26,2,4,0,0,0,0,4,1,1.6,2300,7,89
Gabbiadini,SOU,FWD,60,133.9,203,269,58.6,17,5,0,0,0,0,0,2,0,0.4,1067,10,66
Gayle,NEW,FWD,60,333.6,352,808,148.7,31,6,3,0,0,0,0,3,0,0.8,1946,8,94
Gibbs-White,WOL,MID,45,0,0,0,0,0,0,0,0,0,0,0,0,0,0.5,0,0,0
Giroud,CHE,FWD,80,311.1,307,673,129,11,7,1,0,0,0,0,0,0,7.7,981,10,77
Gomes,WAT,GKP,45,0.2,457,0,45.6,40,0,0,0,0,0,61,0,0,0.5,2128,4,64
Gomez,LIV,DEF,50,285.6,437.4,46,76.9,22,0,2,0,0,0,0,3,0,0.2,1901,9,86
Gosling,BOU,MID,50,262.2,396.4,274,93.3,41,2,1,0,0,0,0,8,0,0.1,1941,4,59
Gray,LEI,MID,55,412.8,290.6,461,116.7,35,3,3,0,0,0,0,2,0,1,1683,2,80
Gray,WAT,FWD,60,254,251.2,594,108.2,30,5,3,0,0,0,0,1,0,0.5,1486,4,79
Gross,BHA,MID,70,1311,735.4,527,257.6,46,7,8,0,0,0,0,2,0,12.1,2928,24,164
Guaita,CRY,GKP,45,0,0,0,0,0,0,0,0,0,0,0,0,0,0.4,0,0,0
Gudmundsson,BUR,MID,60,1052,599,539,219.2,33,2,9,0,0,0,0,2,0,2.3,2831,7,117
Guendouzi,ARS,MID,45,0,0,0,0,0,0,0,0,0,0,0,0,0,0.4,0,0,0
Gueye,EVE,MID,50,303.6,577,166,104.6,45,2,2,0,0,0,0,6,1,0.6,2749,7,87
Gunn,SOU,GKP,45,0,0,0,0,0,0,0,0,0,0,0,0,0,0.4,0,0,0
Gunnarsson,CAR,MID,45,0,0,0,0,0,0,0,0,0,0,0,0,0,1.9,0,0,0
Gundogan,MCI,MID,55,406.4,381.4,408,119.3,15,4,2,0,0,0,0,3,0,1.5,1504,9,82
Hadergjonaj,HUD,DEF,45,381.8,310,95,78.8,28,0,1,0,0,0,0,3,0,0.1,1670,5,51
Halford,CAR,DEF,40,0,0,0,0,0,0,0,0,0,0,0,0,0,0.1,0,0,0
Hamer,HUD,GKP,40,0,51.8,0,5.1,7,0,0,0,0,0,6,0,0,2,274,0,9
Hayden,NEW,MID,45,164.7,273.6,144,58.2,25,1,0,0,0,0,0,7,0,0.2,1365,0,41
Hazard,CHE,MID,105,1127.3,928,1115,317.3,27,12,6,0,0,0,0,2,0,9.3,2417,24,173
Heaton,BUR,GKP,50,0,53.4,0,5.3,4,0,0,0,0,0,8,0,0,0.5,305,0,8
Hemed,BHA,FWD,50,66.1,152,227,44.2,8,2,2,0,0,0,0,0,0,0.3,842,5,43
Henderson,LIV,MID,55,448.8,417,110,97.8,21,1,1,0,0,0,0,1,0,1.2,2169,3,75
Hendrick,BUR,MID,55,408.2,265.6,335,100.9,28,2,2,0,0,0,0,1,0,0.2,2326,1,85
Hennessey,CRY,GKP,45,10,603.8,0,61.4,41,0,0,0,0,0,91,1,0,1.4,2430,11,99
Herrera,MUN,MID,50,229.4,294.4,101,62.7,14,0,2,0,0,0,0,5,0,0.3,1257,0,44
Hoedt,SOU,DEF,45,130.9,661.6,146,93.8,42,0,2,0,0,0,0,7,0,0.3,2520,11,74
Hogg,HUD,MID,45,172.8,475,61,71.2,40,0,0,0,0,0,0,8,1,0.3,2396,0,53
Hoilett,CAR,MID,55,0,0,0,0,0,0,0,0,0,0,0,0,0,0.8,0,0,0
Holding,ARS,DEF,45,39.3,212.2,24,27.5,17,0,1,0,0,0,0,3,0,0.7,819,1,27
Holebas,WAT,DEF,45,632.8,510,125,127,47,0,4,0,0,0,0,7,0,1.8,2381,6,72
Holgate,EVE,DEF,45,93.9,285.8,105,48.5,14,0,0,0,0,0,0,3,0,0.4,1183,0,37
Hudson-Odoi,CHE,MID,45,1.7,8.8,27,3.8,1,0,0,0,0,0,0,0,0,0.2,27,0,2
Hughes,WAT,MID,50,267,238.6,136,64.3,16,2,3,0,0,0,0,0,0,0.4,987,5,53
Hugill,WHU,FWD,50,0.4,0,0,0,0,0,0,0,0,0,0,0,0,0.1,22,0,3
Hyndman,BOU,MID,45,12.5,5,0,1.8,1,0,0,0,0,0,0,0,0,0.2,58,0,1
Hojbjerg,SOU,MID,45,258.4,266.6,148,67.6,30,0,0,0,0,0,0,6,0,0.5,1666,0,39
Ibe,BOU,MID,55,602.7,362,610,157.3,33,2,6,0,0,0,0,1,0,0.7,1988,5,85
Iborra,LEI,MID,50,131.6,341.6,150,62.3,23,3,0,0,0,0,0,0,0,0.1,1411,6,58
Iheanacho,LEI,FWD,60,185.6,214.2,350,74.5,17,3,4,0,0,0,0,2,0,0.7,818,5,54
Ince,HUD,MID,50,331.3,253,794,138,39,2,1,0,0,0,0,0,0,0.3,2450,3,82
Ings,LIV,FWD,55,42,57.8,143,24,0,1,1,0,0,0,0,0,0,0.2,262,0,18
Iwobi,ARS,MID,55,592.9,430,635,165.6,26,3,5,0,0,0,0,1,0,0.8,1827,2,89
Izquierdo,BHA,MID,60,311.3,385.4,618,131.3,32,5,5,0,0,0,0,2,0,0.7,1976,4,101
Jach,CRY,DEF,40,0,0,0,0,0,0,0,0,0,0,0,0,0,0.7,0,0,0
Jagielka,EVE,DEF,45,24.1,529.2,108,66.2,39,0,0,0,0,0,0,2,0,1.9,2063,5,60
Jakupovic,LEI,GKP,45,0,67.8,0,6.8,6,0,0,0,0,0,8,0,0,0.2,180,0,4
James,LEI,MID,45,52.7,114.6,145,31.4,15,0,0,0,0,0,0,2,0,0,991,0,26
Janmaat,WAT,DEF,50,230.6,445,253,92.9,37,3,1,0,0,0,0,3,0,0.4,1818,3,59
Jazz Richards,CAR,DEF,40,0,0,0,0,0,0,0,0,0,0,0,0,0,0.8,0,0,0
Jesus,MCI,FWD,105,360.3,603.6,1089,204.9,12,13,7,0,2,0,0,6,0,3.1,1660,18,126
Jimenez,WOL,FWD,55,0,0,0,0,0,0,0,0,0,0,0,0,0,3.4,0,0,0
Johansen,FUL,MID,55,0,0,0,0,0,0,0,0,0,0,0,0,0,0.3,0,0,0
Jones,MUN,DEF,55,36.6,486.4,12,53.6,11,0,0,1,0,0,0,2,0,3.5,1973,19,116
Jorginho,CHE,MID,50,0,0,0,0,0,0,0,0,0,0,0,0,0,5.9,0,0,0
Joselu,NEW,FWD,50,254.8,291.2,526,106.5,25,4,1,0,1,0,0,2,0,2.1,1703,5,69
Jota,WOL,MID,65,0,0,0,0,0,0,0,0,0,0,0,0,0,7.7,0,0,0
Kabasele,WAT,DEF,45,52,645,137,83.7,43,2,0,1,0,0,0,5,0,0.4,2329,2,68
Kaboul,WAT,DEF,45,0.9,47.4,2,5,3,0,0,0,0,0,0,0,0,0.2,151,0,7
Kachunga,HUD,FWD,50,152.1,151,246,54.5,23,1,1,0,0,0,0,1,0,0,1327,0,46
Kamara,FUL,FWD,45,0,0,0,0,0,0,0,0,0,0,0,0,0,8.2,0,0,0
Kane,TOT,FWD,125,502.1,1214.4,2355,407.4,34,29,2,0,1,0,0,5,0,33.4,3074,31,217
Kante,CHE,MID,50,638.2,676,199,151.7,32,1,2,0,0,0,0,3,0,14.4,2994,9,101
Karius,LIV,GKP,50,0,280.6,0,27.9,14,0,0,0,0,1,31,1,0,0.5,1710,5,88
Kayal,BHA,MID,45,137,111.2,48,29.6,14,0,0,0,0,0,0,2,0,0.1,735,0,25
Keane,EVE,DEF,50,58.4,703.4,124,88.7,46,0,1,0,0,0,0,3,0,2.1,2559,11,81
Kebano,FUL,MID,45,0,0,0,0,0,0,0,0,0,0,0,0,0,0.2,0,0,0
Keita,LIV,MID,75,0,0,0,0,0,0,0,0,0,0,0,0,0,7.3,0,0,0
Kelly,CRY,DEF,40,25.7,222.6,84,33.3,21,0,0,1,0,0,0,1,0,5.4,1193,1,34
Kenedy,NEW,MID,50,224.1,236.4,253,71.4,9,2,2,0,0,0,0,1,0,3.5,1023,5,51
Kenny,EVE,DEF,45,184.5,362.4,47,59.5,31,0,2,0,0,0,0,2,0,0.3,1589,2,50
Ki Sung-yueng,NEW,MID,50,338.1,307.2,152,79.7,29,2,2,0,0,0,0,2,0,0.4,1865,9,73
Kiko Femenia,WAT,DEF,45,302.8,327.2,113,74.5,34,1,1,0,0,0,0,2,0,0.9,1709,9,65
King,BOU,FWD,65,556.7,577,902,203.7,38,8,4,0,0,0,0,3,0,4.4,2450,10,110
Klaassen,EVE,MID,60,33.7,23,28,8.3,6,0,0,0,0,0,0,0,0,0.2,248,0,7
Klavan,LIV,DEF,45,65,357.2,43,46.6,15,1,0,0,0,0,0,0,0,0.4,1449,9,78
Knockaert,BHA,MID,55,557.2,404,530,149.1,29,3,1,0,0,0,0,4,1,0.6,2415,6,88
Kolasinac,ARS,DEF,50,334.9,443.2,404,118.3,30,2,4,0,0,0,0,3,0,4.6,2146,6,108
Kompany,MCI,DEF,55,76.5,399.6,116,59.2,11,1,1,0,0,0,0,6,0,1.9,1394,2,60
Kongolo,HUD,DEF,45,52.2,268,47,36.7,14,0,0,0,0,0,0,0,0,0.3,1047,2,30
Koscielny,ARS,DEF,55,123.8,692,137,95.5,32,2,0,0,0,0,0,4,0,0.2,2225,16,100
Kouyate,WHU,MID,50,262.4,480,320,106.1,56,2,3,0,0,0,0,5,0,0.4,2798,2,86
Lacazette,ARS,FWD,95,566,725.6,1291,258,28,14,5,0,0,0,0,1,0,2.8,2197,11,138
Lallana,LIV,MID,70,113.4,32.6,128,27.3,1,0,0,0,0,0,0,1,0,4,234,0,13
Lamela,TOT,MID,65,283.1,204.8,364,84.7,12,2,4,0,0,0,0,4,0,0.9,826,1,55
Lanzini,WHU,MID,65,624.9,559.4,502,168.8,44,5,7,0,1,0,0,4,0,0.1,2039,11,106
Laporte,MCI,DEF,55,52.8,165.8,34,25.4,5,0,0,0,0,0,0,1,0,1.5,806,2,35
Lascelles,NEW,DEF,50,77.2,800,234,111.5,31,3,0,0,0,0,0,5,0,8.8,2927,9,116
Le Marchand,FUL,DEF,45,0,0,0,0,0,0,0,0,0,0,0,0,0,0.3,0,0,0
Lejeune,NEW,DEF,45,92.3,557,139,78.9,32,0,2,0,0,0,0,3,0,0.4,2103,6,66
Lemina,SOU,MID,50,170.6,363.6,145,67.8,31,1,1,0,0,0,0,2,0,0.2,1715,5,58
Lennon,BUR,MID,50,203.2,232.2,297,73.3,30,0,4,0,0,0,0,2,0,0.5,1906,0,65
Leno,ARS,GKP,50,0,0,0,0,0,0,0,0,0,0,0,0,0,3.4,0,0,0
Lewis Cook,BOU,MID,50,423.3,456.4,126,100.7,42,0,2,0,0,0,0,5,0,0.3,2234,0,58
Lichtsteiner,ARS,DEF,50,0,0,0,0,0,0,0,0,0,0,0,0,0,2.4,0,0,0
Lindelof,MUN,DEF,50,37.7,272.8,8,32,14,0,0,0,0,0,0,1,0,0.6,1284,1,47
Lingard,MUN,MID,70,519.1,526.6,711,175.3,18,8,6,0,0,0,0,2,0,14.9,1807,10,128
Llorente,TOT,FWD,60,66.7,60.2,99,22.6,2,1,0,0,0,0,0,1,0,0.3,224,2,22
Lloris,TOT,GKP,55,0.1,726.4,0,72.3,35,0,0,0,0,0,87,1,0,8.3,3240,6,144
Locadia,BHA,FWD,55,24.6,50.4,89,15.8,8,1,1,0,0,0,0,0,0,0.3,221,2,16
Loftus-Cheek,CHE,MID,55,377,379.2,487,124.5,30,2,5,0,0,0,0,1,0,2,1871,2,77
Long,SOU,FWD,50,301.9,235.6,512,104.6,28,2,2,0,0,0,0,6,0,1.7,1570,0,53
Long,BUR,DEF,45,64.8,460,220,74.5,21,1,2,1,0,0,0,1,0,1.1,1440,6,57
Lookman,EVE,MID,55,20.5,12,43,7.5,6,0,1,0,0,0,0,0,0,0.5,153,0,10
Lovren,LIV,DEF,50,104.5,656.4,242,100.2,24,2,1,0,0,0,0,4,0,10.3,2124,10,110
Lowton,BUR,DEF,50,264.9,574.6,46,89,26,0,3,0,0,0,0,1,0,0.8,2295,4,89
Lucas Moura,TOT,MID,70,83.2,49,41,17.5,6,0,1,0,0,0,0,0,0,1.7,206,0,11
Lukaku,MUN,FWD,110,572.4,831,1334,273.2,26,16,7,0,1,0,0,4,0,15.6,2866,18,162
Lossl,HUD,GKP,45,30,846.8,0,87.8,58,0,1,1,0,2,103,1,0,2.7,3420,11,135
Lowe,HUD,DEF,45,125.5,266,39,43,26,0,0,0,0,0,0,1,0,0.2,1585,0,60
Maddison,LEI,MID,65,0,0,0,0,0,0,0,0,0,0,0,0,0,0.6,0,0,0
Madine,CAR,FWD,45,0,0,0,0,0,0,0,0,0,0,0,0,0,0.7,0,0,0
Maguire,LEI,DEF,55,254.3,955.8,478,168.8,60,2,4,0,0,0,0,7,0,22.1,3420,10,117
Mahrez,MCI,MID,90,924,966,932,282.6,51,12,13,0,0,0,0,2,0,8.9,2948,19,195
Maitland-Niles,ARS,MID,45,141.3,168.4,67,37.8,16,0,0,0,0,0,0,1,0,0.6,908,0,25
Malone,HUD,DEF,40,146.8,221.6,97,46.5,23,0,1,0,0,0,0,3,0,12.3,1110,4,41
Manquillo,NEW,DEF,45,164.8,266,26,45.9,31,0,1,0,0,0,0,2,0,0.2,1757,1,49
Mane,LIV,MID,95,739.1,677.4,964,238,24,10,8,0,0,0,0,3,1,12.2,2189,8,147
March,BHA,MID,50,320.9,357.4,316,99.8,29,1,3,0,0,0,0,3,0,0.1,1838,3,74
Mariappa,WAT,DEF,45,59.4,462,106,62.8,43,0,0,0,0,0,0,4,0,0.3,2206,2,58
Martial,MUN,MID,75,509.3,535.4,748,179.5,13,9,6,0,0,0,0,1,0,2.5,1572,7,125
Martina,EVE,DEF,45,238.8,468.8,39,74.9,30,0,2,0,0,0,0,2,0,0.2,1830,0,55
Masina,WAT,DEF,45,0,0,0,0,0,0,0,0,0,0,0,0,0,0.2,0,0,0
Masuaku,WHU,MID,45,295.1,385,128,80.7,29,0,3,0,0,0,0,5,0,3.1,1867,2,68
Mata,MUN,MID,65,849.9,422.8,453,172.1,10,3,5,0,0,0,0,1,0,1,1919,6,100
Matic,MUN,MID,50,427.9,681.4,168,127.9,26,1,1,0,0,0,0,6,0,3.8,3117,3,91
Matip,LIV,DEF,50,96.1,544.8,140,78.1,27,1,0,0,0,0,0,3,0,0.4,1995,3,81
Mavropanos,ARS,DEF,50,1.3,52.2,2,5.5,5,0,0,0,0,0,0,0,1,0.3,194,0,4
Mbemba,NEW,DEF,40,67.1,158.2,6,23.2,11,0,0,0,0,0,0,0,0,3,670,3,20
McArthur,CRY,MID,50,333,490.6,566,138.9,35,5,2,0,0,0,0,5,0,2.1,2425,9,101
McCarthy,SOU,GKP,45,0,280.8,0,28.1,26,0,0,0,0,0,42,2,0,1.1,1620,3,52
McCarthy,EVE,MID,45,19.3,33.8,4,5.8,6,0,0,0,0,0,0,0,0,0,204,0,6
McDonald,FUL,MID,45,0,0,0,0,0,0,0,0,0,0,0,0,0,0.6,0,0,0
McQueen,SOU,DEF,40,34.2,29.4,8,7.2,2,0,0,0,0,0,0,0,0,0.9,142,2,14
McTominay,MUN,MID,45,53.6,78.2,11,14.2,3,0,0,0,0,0,0,2,0,0.6,629,0,21
Mee,BUR,DEF,50,74.5,748.6,349,117.3,27,0,0,0,0,0,0,5,0,4.7,2610,6,90
Mendez-Laing,CAR,MID,50,0,0,0,0,0,0,0,0,0,0,0,0,0,0.1,0,0,0
Mendy,MCI,DEF,60,139.3,84.2,48,27.2,1,0,1,0,0,0,0,2,0,5.4,360,1,20
Merino,NEW,MID,50,236.7,374.8,156,76.9,18,1,1,0,0,0,0,4,0,0,1337,4,49
Mignolet,LIV,GKP,50,0,281,0,28,24,0,0,0,0,1,36,3,0,0.2,1710,0,67
Milivojevic,CRY,MID,65,379,873.8,432,168.6,52,10,2,0,1,0,0,8,0,12.3,3079,21,144
Milner,LIV,MID,55,615.5,437.2,272,132.5,25,0,3,0,0,0,0,3,0,0.6,1759,4,77
Mings,BOU,DEF,45,14.8,46.6,10,7.2,5,0,0,0,0,0,0,1,0,0.2,201,0,3
Mir,WOL,FWD,45,0,0,0,0,0,0,0,0,0,0,0,0,0,1.3,0,0,0
Mirallas,EVE,MID,55,20.2,16.4,42,7.9,8,0,0,0,0,0,0,1,0,0,135,0,5
Miranda,WOL,DEF,40,0,0,0,0,0,0,0,0,0,0,0,0,0,0.6,0,0,0
Mkhitaryan,ARS,MID,70,727.8,506.8,400,163.8,17,3,9,0,0,0,0,2,0,20.1,1712,9,107
Monreal,ARS,DEF,55,238.7,693.6,305,124,29,5,2,0,0,0,0,3,0,4,2241,15,130
Mooy,HUD,MID,55,848.8,753.2,350,195.2,52,4,3,0,0,0,0,4,0,4.4,3066,8,113
Morata,CHE,FWD,90,478.9,620.6,1192,228.8,19,11,6,0,0,0,0,7,0,2.8,2055,13,122
Moreno,LIV,DEF,45,250.1,261.8,106,61.7,19,0,1,0,0,0,0,1,0,0.3,1264,3,52
Morgan,LEI,DEF,45,62,530,158,75.1,52,0,0,0,0,0,0,4,0,0.9,2817,1,61
Morrison,CAR,DEF,50,0,0,0,0,0,0,0,0,0,0,0,0,0,1.1,0,0,0
Moses,CHE,DEF,60,358.1,417,482,125.9,20,3,6,0,0,0,0,3,0,6.2,2109,9,131
Mounie,HUD,FWD,60,270.7,377,600,124.5,32,7,2,0,0,0,0,2,0,0.3,1849,12,92
Mousset,BOU,FWD,50,69.5,120.4,252,43.9,16,2,0,0,0,0,0,1,0,0.3,581,3,36
Murphy,CAR,MID,50,0,0,0,0,0,0,0,0,0,0,0,0,0,0.2,0,0,0
Murphy,NEW,MID,50,159.7,161.8,227,54.7,25,1,2,0,0,0,0,0,0,0.1,1137,2,51
Murray,BHA,FWD,65,271.8,492.4,779,153.1,36,12,0,0,2,0,0,9,0,1.3,2184,16,111
Mustafi,ARS,DEF,55,129.9,836.6,202,117,30,3,1,0,0,0,0,6,0,1,2272,13,109
Navarro,WAT,DEF,45,0,0,0,0,0,0,0,0,0,0,0,0,0,0.1,0,0,0
Ndidi,LEI,MID,50,230.7,640.4,299,117.2,45,0,4,0,0,0,0,6,2,0.7,2896,4,78
Nelson,ARS,MID,45,29.7,12,11,5.3,3,0,0,0,0,0,0,0,0,1,144,0,5
Neves,WOL,MID,50,0,0,0,0,0,0,0,0,0,0,0,0,0,15.4,0,0,0
Niasse,EVE,FWD,55,159.2,370.6,634,115.2,23,8,3,0,0,0,0,2,0,1.5,1076,14,83
Noble,WHU,MID,50,337.8,527.6,141,100.8,45,4,0,0,0,0,0,6,0,0.4,2400,7,84
Norris,WOL,GKP,40,0,0,0,0,0,0,0,0,0,0,0,0,0,2.7,0,0,0
Obiang,WHU,MID,45,132.1,377.8,88,60.1,29,2,0,0,0,0,0,3,0,1.3,1562,6,54
Odoi,FUL,DEF,45,0,0,0,0,0,0,0,0,0,0,0,0,0,0.4,0,0,0
Ogbonna,WHU,DEF,45,81.4,687.8,145,91.4,60,1,0,0,0,0,0,3,0,1.1,2880,4,77
Okaka,WAT,FWD,50,92,74.4,145,29.8,9,1,1,0,0,0,0,2,0,0,442,1,24
Okazaki,LEI,FWD,55,228.1,347.6,508,107.9,19,6,3,0,0,0,0,2,0,1.5,1314,7,76
Oriol Romeu,SOU,MID,45,338.7,616.2,231,118.7,47,1,0,0,0,0,0,11,0,2.7,2897,0,68
Otamendi,MCI,DEF,65,224.6,846.6,363,143.7,25,4,0,1,0,0,0,9,0,9.2,2966,21,156
Oxford,WHU,DEF,45,0,3,0,0.3,0,0,0,0,0,0,0,0,0,0.2,4,0,1
Paterson,CAR,MID,55,0,0,0,0,0,0,0,0,0,0,0,0,0,0.3,0,0,0
Patricio,WOL,GKP,45,0,0,0,0,0,0,0,0,0,0,0,0,0,6,0,0,0
Pedro,CHE,MID,65,410,338.4,498,124.6,14,4,2,0,0,0,0,1,0,1,1511,2,81
Peltier,CAR,DEF,40,0,0,0,0,0,0,0,0,0,0,0,0,0,2.4,0,0,0
Pereira,LEI,DEF,50,0,0,0,0,0,0,0,0,0,0,0,0,0,1,0,0,0
Pereyra,WAT,MID,60,370.6,346,472,118.8,34,5,3,0,0,0,0,3,0,0.4,1610,5,81
Pickford,EVE,GKP,50,30.1,873.6,4,90.7,58,0,0,0,0,1,121,0,0,21.6,3420,16,145
Pilkington,CAR,MID,45,0,0,0,0,0,0,0,0,0,0,0,0,0,0.3,0,0,0
Pogba,MUN,MID,80,663.5,710.8,780,215.6,20,6,13,0,0,0,0,5,1,14.4,2145,15,138
Pope,BUR,GKP,50,40,862.4,0,90.1,35,0,0,0,0,1,113,3,0,7.9,3114,19,152
Pritchard,HUD,MID,50,300.3,173.6,213,68.7,12,1,2,0,0,0,0,1,0,0.1,997,3,40
Prodl,WAT,DEF,45,25.9,276.4,89,39.3,29,0,0,0,0,0,0,5,0,0.2,1566,0,42
Propper,BHA,MID,50,297.1,535.8,255,108.9,50,0,4,0,0,0,0,2,1,0.2,3118,1,87
Pugh,BOU,MID,45,195.5,99.2,224,51.6,17,0,0,0,0,0,0,2,0,1,974,0,32
Puncheon,CRY,MID,45,93.9,46.4,112,25.1,14,0,0,0,0,0,0,5,0,0.8,574,0,11
Perez,NEW,FWD,65,539,571.8,809,191.7,28,8,6,1,0,0,0,3,0,4.1,2486,15,124
Quaner,HUD,FWD,45,255.7,209,283,74.8,23,0,4,0,0,0,0,4,0,7.4,1268,0,44
Ralls,CAR,MID,50,0,0,0,0,0,0,0,0,0,0,0,0,0,0.4,0,0,0
Ramsey,ARS,MID,75,478.3,631.2,734,184.2,25,7,10,0,0,0,0,0,0,4.6,1844,12,130
Rashford,MUN,FWD,70,412.1,470.8,838,171.7,16,7,5,0,0,0,0,3,0,7.4,1799,11,104
Ream,FUL,DEF,45,0,0,0,0,0,0,0,0,0,0,0,0,0,0.8,0,0,0
Redmond,SOU,MID,55,630.9,347,493,147.2,31,1,3,0,0,0,0,3,0,0.6,1938,3,72
Reid,WHU,DEF,45,48.8,322.4,64,43.6,27,0,0,0,0,0,0,5,0,0,1452,3,42
Reid,CAR,FWD,55,0,0,0,0,0,0,0,0,0,0,0,0,0,1.3,0,0,0
Rice,WHU,DEF,45,35.7,310.4,29,37.5,29,0,0,0,0,0,0,1,0,0.3,1421,0,41
Richarlison,WAT,MID,65,384.7,497,1217,209.3,54,5,8,0,0,0,0,4,0,6.7,2817,4,125
Riedewald,CRY,DEF,45,21.5,74.4,12,10.6,6,0,0,0,0,0,0,0,0,0.1,435,0,23
Ritchie,NEW,MID,60,844.4,561.2,520,192.6,35,3,7,0,0,0,0,6,0,1.1,2802,10,116
Robertson,LIV,DEF,60,414.5,424,174,101.3,18,1,5,0,0,0,0,2,0,16.1,1940,12,111
Rojo,MUN,DEF,50,26,151.4,47,22.5,8,0,0,0,0,0,0,6,0,0.6,639,4,23
Romero,MUN,GKP,50,0,26.4,0,2.6,0,0,0,0,0,0,3,0,0,0.1,90,0,7
Rose,TOT,DEF,60,181.6,159.4,117,45.9,14,0,2,0,0,0,0,4,0,2.2,800,0,24
Ruddy,WOL,GKP,45,0,0,0,0,0,0,0,0,0,0,0,0,0,0.9,0,0,0
Ryan,BHA,GKP,45,0,911.6,0,91.1,54,0,0,0,0,2,124,0,0,6.1,3420,13,146
Rudiger,CHE,DEF,60,83,546.6,217,84.8,22,2,1,0,0,0,0,4,0,3.2,2336,8,115
Sabiri,HUD,MID,45,40.6,30.8,53,12.4,5,0,1,0,0,0,0,1,0,0.1,217,0,10
Sakho,CRY,DEF,50,30.7,426.2,77,53.6,23,1,2,0,0,0,0,1,0,1.2,1597,18,81
Sako,CRY,MID,50,103.1,143.2,227,46.9,10,3,0,0,0,0,0,0,0,0,466,1,36
Salah,LIV,MID,130,942.5,1496.2,2109,454.4,29,32,12,0,1,0,0,1,0,47.5,2905,26,303
Sandro,EVE,FWD,55,28.3,8.8,67,9.8,7,0,0,0,0,0,0,0,0,0,275,0,10
Sane,MCI,MID,95,891.3,842.4,1013,274.4,22,10,15,0,0,0,0,4,0,18.4,2415,17,179
Saiss,WOL,DEF,45,0,0,0,0,0,0,0,0,0,0,0,0,0,0.4,0,0,0
Schelotto,BHA,DEF,40,99.2,210,73,38.2,30,0,0,0,0,0,0,3,0,2.6,1313,0,20
Schindler,HUD,DEF,45,107.1,928,149,119.1,53,0,2,0,0,0,0,6,1,3.4,3264,15,102
Schlupp,CRY,DEF,45,189.7,339.6,155,68.6,30,0,2,0,0,0,0,3,0,0.4,1742,0,50
Schmeichel,LEI,GKP,50,11.1,687.2,0,69.9,47,0,0,1,0,2,93,3,0,4.9,2965,17,123
Schneiderlin,EVE,MID,45,159.2,361.2,52,57.2,38,0,0,0,0,0,0,4,1,1.9,2124,1,52
Sema,WAT,MID,50,0,0,0,0,0,0,0,0,0,0,0,0,0,0.1,0,0,0
Seri,FUL,MID,55,0,0,0,0,0,0,0,0,0,0,0,0,0,2.7,0,0,0
Sessegnon,FUL,MID,65,0,0,0,0,0,0,0,0,0,0,0,0,0,13.5,0,0,0
Shaqiri,LIV,MID,75,1151.6,718,676,255.2,58,8,9,0,1,0,0,5,0,3.9,3039,19,155
Shaw,MUN,DEF,50,127,142.6,144,41.5,2,0,0,0,0,0,0,2,0,2.3,787,4,48
Shelvey,NEW,MID,55,639.9,442.6,243,132.3,30,1,4,0,0,0,0,2,2,1.1,2264,4,73
Sigurdsson,EVE,MID,75,614.9,485.6,437,154,40,4,4,0,0,0,0,2,0,3.1,2257,8,96
Silva,LEI,MID,50,120,133.2,65,31.8,18,0,2,0,0,0,0,3,0,0.2,760,0,23
Simpson,LEI,DEF,45,121.2,444.2,42,60.7,41,0,0,0,0,0,0,4,0,0.4,2306,0,55
Simpson,BOU,DEF,40,0,6.2,0,0.6,2,0,0,0,0,0,0,0,0,5.2,71,0,1
Sims,SOU,MID,45,43.5,32.6,149,22.5,2,0,0,0,0,0,0,0,0,0.1,160,0,8
Sinclair,WAT,FWD,45,11,4.4,4,1.9,1,0,0,0,0,0,0,0,0,1.5,29,0,4
Sissoko,TOT,MID,50,384.7,245.8,281,91.1,18,1,1,0,0,0,0,3,0,0.2,1385,0,58
Smalling,MUN,DEF,60,35.3,743.8,230,101.2,24,4,0,0,0,0,0,4,0,4.9,2535,9,123
Smith,HUD,DEF,45,251.6,322,50,62.8,31,0,1,0,0,0,0,7,0,0.1,1902,2,50
Smithies,CAR,GKP,45,0,0,0,0,0,0,0,0,0,0,0,0,0,0.3,0,0,0
Sobhi,HUD,MID,50,237.9,237.6,206,68.1,30,2,1,0,0,0,0,2,0,0.5,1227,2,51
Sokratis,ARS,DEF,55,0,0,0,0,0,0,0,0,0,0,0,0,0,3.3,0,0,0
Solanke,LIV,FWD,50,199.4,123.8,350,66.4,4,1,2,0,0,0,0,0,0,0.4,581,2,38
Son,TOT,MID,85,588.2,725.8,1177,249.1,18,12,8,0,0,0,0,0,0,8.7,2292,16,178
Souare,CRY,DEF,45,1.1,0.2,0,0.1,0,0,0,0,0,0,0,0,0,0.1,8,0,1
Speroni,CRY,GKP,40,0,213.6,0,21.3,14,0,0,0,0,0,30,0,0,14.5,990,3,36
Stanislas,BOU,MID,60,377.2,394.8,483,125.1,22,5,3,0,0,0,0,1,0,0.2,1285,7,75
Steele,BHA,GKP,40,0,0,0,0,0,0,0,0,0,0,0,0,0,1.3,0,0,0
Stekelenburg,EVE,GKP,40,0,0,0,0,0,0,0,0,0,0,0,0,0,1.2,0,0,0
Stephens,BHA,MID,45,272.5,625.8,176,107.7,50,0,3,0,0,0,0,6,0,11.5,3240,2,87
Stephens,SOU,DEF,45,68.3,506.6,224,79.9,33,2,0,0,0,0,0,6,1,0.3,1980,2,58
Sterling,MCI,MID,110,838.2,969.8,1488,329.7,23,18,17,0,0,0,0,3,1,3,2584,19,229
Steve Cook,BOU,DEF,45,65.6,870,271,120.6,53,2,1,1,0,0,0,5,0,0.9,2764,9,83
Stones,MCI,DEF,55,26.3,283.4,120,43.2,11,0,0,0,0,0,0,0,0,8.1,1301,5,70
Sturridge,LIV,FWD,60,205.3,136.2,304,64.5,8,2,1,0,0,0,0,0,0,0.1,541,0,32
Surman,BOU,MID,50,261.1,458,121,84,29,2,5,0,0,0,0,2,0,0.5,1851,9,82
Suttner,BHA,DEF,40,105.6,187.4,17,30.8,18,0,0,0,0,0,0,0,0,5.7,1178,3,38
Sanchez,MUN,MID,105,1155.2,823.2,1281,326.1,32,9,10,0,1,0,0,5,0,6.8,2546,13,152
Sanchez,TOT,DEF,60,74.8,598,89,76.2,21,0,0,1,0,0,0,1,1,3,2532,8,107
Sorloth,CRY,FWD,50,74,48.6,102,22.5,9,0,0,0,0,0,0,0,0,0.5,360,0,8
Tarkowski,BUR,DEF,50,98.4,822,253,117.8,30,0,1,0,0,0,0,5,0,7.9,2790,4,101
Taylor,BUR,DEF,45,86.8,184.2,4,27.5,12,0,0,0,0,0,0,3,0,0.2,949,0,23
Tomkins,CRY,DEF,45,22.4,712.6,309,104.7,32,3,0,0,0,0,0,8,0,11.2,2386,9,99
Torreira,ARS,MID,50,0,0,0,0,0,0,0,0,0,0,0,0,0,1.9,0,0,0
Tosun,EVE,FWD,70,226.4,232.4,304,75.6,13,5,0,0,0,0,0,0,0,11.2,984,9,55
Townsend,CRY,MID,60,1012.1,626,587,222.8,48,2,9,0,0,0,0,3,0,2,3120,7,121
Trippier,TOT,DEF,60,617.5,459,78,115.6,21,0,7,0,0,0,0,1,0,26.1,1912,18,113
Valencia,MUN,DEF,65,438.5,559.2,259,125.5,22,3,1,0,0,0,0,7,0,5.1,2741,13,146
Vardy,LEI,FWD,90,439.9,822.8,1222,248.6,57,20,2,0,1,0,0,3,0,9.1,3248,28,183
Vertonghen,TOT,DEF,60,205.7,774.4,243,122.7,31,0,1,0,0,0,0,4,0,8.5,3203,13,138
Vestergaard,SOU,DEF,50,0,0,0,0,0,0,0,0,0,0,0,0,0,0.9,0,0,0
Vinagre,WOL,DEF,45,0,0,0,0,0,0,0,0,0,0,0,0,0,0.2,0,0,0
Vlasic,EVE,MID,50,159.1,91.8,85,33.6,12,0,0,0,0,0,0,0,0,0.1,572,0,18
Vokes,BUR,FWD,55,128,208.4,384,71.1,16,4,2,0,0,0,0,3,0,1.1,977,7,63
Vorm,TOT,GKP,50,0,19,0,1.9,1,0,0,0,0,0,4,0,0,0.1,90,0,3
Walcott,EVE,MID,65,234.9,316.6,406,95.9,17,3,3,0,0,0,0,2,0,3.9,1214,3,62
Walker,MCI,DEF,65,511.4,542.4,117,117.1,22,0,6,1,0,0,0,2,1,8.7,2784,8,138
Walker-Peters,TOT,DEF,45,48.3,70.4,10,12.9,4,0,2,0,0,0,0,0,0,0.3,188,0,13
Walters,BUR,MID,50,0.7,1.2,12,1.1,2,0,0,0,0,0,0,0,0,0.1,36,0,3
Wan-Bissaka,CRY,DEF,40,60,207.2,2,26.8,10,0,0,0,0,0,0,1,0,3.5,627,0,15
Wanyama,TOT,MID,50,96.8,206,77,37.8,11,1,0,0,0,0,0,2,0,0.2,837,1,32
Ward,LEI,GKP,45,0,0,0,0,0,0,0,0,0,0,0,0,0,0.4,0,0,0
Ward,CAR,MID,45,0,0,0,0,0,0,0,0,0,0,0,0,0,0.5,0,0,0
Ward,CRY,DEF,45,163.5,340.6,58,56.3,25,0,1,1,0,0,0,4,0,0.4,1613,0,41
Ward,BUR,DEF,50,270.9,498.4,82,85.4,27,1,1,0,0,0,0,1,0,8.8,2460,9,102
Ward-Prowse,SOU,MID,55,613.9,363.4,296,127.1,29,3,5,0,0,0,0,3,0,0.7,1708,8,84
Welbeck,ARS,FWD,65,212.8,309.8,435,96,21,5,2,0,0,0,0,1,0,0.8,1178,6,70
Wells,BUR,FWD,45,3.5,7.2,37,4.7,3,0,0,0,0,0,0,0,0,2.1,46,0,9
Westwood,BUR,MID,45,134.8,182.4,90,40.7,17,0,1,0,0,0,0,2,0,0.3,1105,1,35
Wickham,CRY,FWD,50,0,0,0,0,0,0,0,0,0,0,0,0,0,0.2,0,0,0
Wijnaldum,LIV,MID,55,356.2,341.8,399,109.9,23,1,2,0,0,0,0,1,0,0.5,2381,1,85
Williams,EVE,DEF,45,39,518,132,68.9,31,1,0,0,0,0,0,3,1,1.5,1830,3,56
Williams,HUD,MID,45,83,131.4,56,27,22,0,0,0,0,0,0,2,0,0,1115,0,28
Willian,CHE,MID,75,891.5,640,715,224.5,19,6,8,0,0,0,0,1,0,7.3,1874,13,130
Wilshere,WHU,MID,50,281.8,258.4,169,71,16,1,3,0,0,0,0,6,0,5.1,1185,2,46
Wilson,BOU,FWD,60,288.4,392.2,799,147.5,33,8,2,0,0,0,0,0,0,4.1,1981,13,102
Winks,TOT,MID,55,172.2,144.4,14,33.1,9,0,1,0,0,0,0,0,0,0,768,0,31
Wood,BUR,FWD,65,203.5,442,692,133.8,11,10,1,0,0,0,0,1,0,2.7,1621,20,104
Xhaka,ARS,MID,55,822.8,753.4,378,195.3,50,1,8,0,0,0,0,10,0,4.5,3259,3,109
Yarmolenko,WHU,MID,70,0,0,0,0,0,0,0,0,0,0,0,0,0,5.2,0,0,0
Yedlin,NEW,DEF,45,340.7,494.4,63,90,37,0,2,1,0,0,0,5,0,1.8,2842,5,88
Yoshida,SOU,DEF,45,67,525.2,236,83,32,2,1,0,0,0,0,2,1,1.6,2049,6,76
Young,MUN,DEF,60,502.3,601.2,213,131.6,26,2,6,0,0,0,0,7,0,5,2444,11,98
Zabaleta,WHU,DEF,45,293.7,635,77,100.7,62,0,1,1,0,0,0,9,0,2.9,3289,6,90
Zaha,CRY,FWD,70,716.9,668,1125,251,31,9,7,0,0,0,0,5,0,30.9,2549,8,136
Zanka,HUD,DEF,45,123.6,768.6,169,106.2,58,0,3,0,0,0,0,6,0,10.5,3420,9,107
Zappacosta,CHE,DEF,55,245.3,255.2,329,82.6,15,1,1,0,0,0,0,0,0,0.3,1087,1,58
Zeegelaar,WAT,DEF,45,142.1,185.2,24,35.2,18,0,2,0,0,0,0,4,1,0.1,993,5,28
Zinchenko,MCI,MID,50,145.9,116.4,21,28.3,3,0,0,0,0,0,0,1,0,0.1,530,0,16
Zohore,CAR,FWD,50,0,0,0,0,0,0,0,0,0,0,0,0,0,1.1,0,0,0
van Aanholt,CRY,DEF,55,303.8,537,319,116.3,38,5,1,0,0,0,0,7,0,5.6,2182,7,95
van Dijk,LIV,DEF,60,122.6,601,277,100.2,28,0,0,0,0,0,0,1,0,14.4,2253,5,78
van La Parra,HUD,MID,50,261.6,322.6,544,112.7,36,3,0,0,0,0,0,3,1,0.1,2131,3,74
Ozil,ARS,MID,85,1287.5,640.6,555,248.6,36,4,9,0,0,0,0,4,0,2.5,2161,11,112
Abraham,CHE,FWD,55,0,0,0,0,0,0,0,0,0,0,0,0,0,0.2,0,0,0
Adam Smith,BOU,DEF,45,15.5,16.2,0,3.2,0,0,0,0,0,0,0,0,0,0.6,90,0,6
Adrian,WHU,GKP,45,0,0,0,0,0,0,0,0,0,0,0,0,0,0.6,0,0,0
Aguero,MCI,FWD,110,29.6,8.2,39,7.7,0,0,0,0,0,0,0,0,0,32,78,0,2
Ake,BOU,DEF,50,1.1,35,0,3.6,0,0,0,0,0,0,0,0,0,3.9,90,2,8
Albrighton,LEI,MID,55,0,0,0,0,0,0,0,0,0,0,0,0,0,1.1,0,0,0
Alderweireld,TOT,DEF,60,0,0,0,0,0,0,0,0,0,0,0,0,0,3.4,0,0,0
Alexander-Arnold,LIV,DEF,50,8.3,20.8,13,4.2,0,0,0,0,0,0,0,1,0,17.1,90,0,5
Alisson,LIV,GKP,55,0,17.6,0,1.8,0,0,0,0,0,0,2,0,0,14.2,90,1,7
Alli,TOT,MID,90,2.9,59.2,58,12,1,1,0,0,0,0,0,0,0,4.7,79,2,9
Alonso,CHE,DEF,65,19.9,13,18,5.1,0,0,1,0,0,0,0,0,0,17.2,90,2,11
Amartey,LEI,MID,45,13.1,0.8,0,1.4,1,0,0,0,0,0,0,1,0,0.3,62,0,1
Amos,TOT,MID,45,0.1,2.2,0,0.2,0,0,0,0,0,0,0,0,0,0,2,0,1
Ampadu,CHE,MID,45,0,0,0,0,0,0,0,0,0,0,0,0,0,0.1,0,0,0
Andone,BHA,FWD,50,0,0,0,0,0,0,0,0,0,0,0,0,0,0.1,0,0,0
Andre Gomes,EVE,MID,55,0,0,0,0,0,0,0,0,0,0,0,0,0,0.4,0,0,0
Antonio,WHU,MID,70,14,18.6,24,5.7,4,0,0,0,0,0,0,1,0,1.7,90,0,1
Armstrong,SOU,MID,55,29.2,5,6,4,0,0,0,0,0,0,0,0,0,0.3,55,0,1
Arnautovic,WHU,FWD,70,2.6,0,28,2.6,3,0,0,0,0,0,0,0,0,20.5,66,0,2
Arter,CAR,MID,50,0,0,0,0,0,0,0,0,0,0,0,0,0,0.3,0,0,0
Atsu,NEW,MID,55,14,6.2,1,2.1,0,0,0,0,0,0,0,0,0,0.2,21,0,1
Aubameyang,ARS,FWD,110,12.2,1,1,1.4,2,0,0,0,0,0,0,0,0,19.8,90,0,2
Aurier,TOT,DEF,60,20.7,32.8,4,5.8,1,0,1,0,0,0,0,0,0,1.2,90,0,5
Austin,SOU,FWD,60,21.8,5.2,8,3.5,0,0,0,0,0,0,0,0,0,1.8,71,0,2
Ayite,FUL,MID,45,0,0,0,0,0,0,0,0,0,0,0,0,0,0.2,0,0,0
Azpilicueta,CHE,DEF,65,9.9,22.6,0,3.3,0,0,0,0,0,0,0,0,0,16.1,90,0,6
Bacuna,HUD,MID,45,0,0,0,0,0,0,0,0,0,0,0,0,0,0.2,0,0,0
Bailly,MUN,DEF,55,0.3,23.4,0,2.4,1,0,0,0,0,0,0,0,0,3.7,90,0,2
Baines,EVE,DEF,55,32.4,23.4,0,5.6,2,0,0,0,0,0,0,0,0,1.8,90,0,1
Bakayoko,CHE,MID,50,0,0,0,0,0,0,0,0,0,0,0,0,0,0.3,0,0,0
Balbuena,WHU,DEF,45,0,21.4,17,3.8,4,0,0,0,0,0,0,1,0,0.4,90,0,-1
Baldock,BHA,FWD,45,0,0,0,0,0,0,0,0,0,0,0,0,0,0.5,0,0,0
Balogun,BHA,DEF,45,0,0,0,0,0,0,0,0,0,0,0,0,0,0.2,0,0,0
Bamba,CAR,DEF,45,0.9,7.2,0,0.8,2,0,0,0,0,0,0,0,0,0.8,90,0,1
Baningime,EVE,MID,45,0,0,0,0,0,0,0,0,0,0,0,0,0,0.1,0,0,0
Bardsley,BUR,DEF,45,0,0,0,0,0,0,0,0,0,0,0,0,0,0.2,0,0,0
Barkley,CHE,MID,60,17.8,7.4,20,4.5,0,0,0,0,0,0,0,0,0,0.5,67,0,3
Barnes,BUR,FWD,60,10.3,5.2,7,2.3,0,0,0,0,0,0,0,0,0,1,14,0,1
Batth,WOL,DEF,40,0,0,0,0,0,0,0,0,0,0,0,0,0,2.1,0,0,0
Bednarek,SOU,DEF,40,0,0,0,0,0,0,0,0,0,0,0,0,0,5.5,0,0,0
Begovic,BOU,GKP,45,0,10,0,1,0,0,0,0,0,0,1,0,0,4.9,90,0,6
Bellerin,ARS,DEF,55,11.7,27,23,6.2,2,0,0,0,0,0,0,0,0,15.4,90,0,1
Benalouane,LEI,DEF,40,0,0,0,0,0,0,0,0,0,0,0,0,0,1.2,0,0,0
Benkovic,LEI,DEF,50,0,0,0,0,0,0,0,0,0,0,0,0,0,0.1,0,0,0
Bennett,WOL,DEF,40,25.4,26,0,5.1,2,0,0,0,0,0,0,0,0,5.3,90,0,1
Bennett,CAR,DEF,45,1.8,16.4,0,1.8,2,0,0,0,0,0,0,0,0,0.2,90,0,1
Benteke,CRY,FWD,65,24,13.6,48,8.6,0,0,0,0,0,0,0,0,0,1.3,82,0,2
Bernard,EVE,MID,60,0,0,0,0,0,0,0,0,0,0,0,0,0,0.4,0,0,0
Bernardo,BHA,DEF,45,1.8,18,0,2,2,0,0,0,0,0,0,1,0,0.2,90,0,0
Bernardo Silva,MCI,MID,75,6.1,35.6,23,6.5,0,1,0,0,0,0,0,0,0,7.1,90,0,8
Bertrand,SOU,DEF,50,31.3,18.4,10,6,0,0,0,0,0,0,0,0,0,7.3,90,0,6
Bettinelli,FUL,GKP,45,0,0,0,0,0,0,0,0,0,0,0,0,0,0.3,0,0,0
Billing,HUD,MID,45,2.4,20.8,22,4.5,3,0,0,0,0,0,0,0,0,0.2,90,0,2
Bissouma,BHA,MID,50,1.5,1.4,9,1.2,0,0,0,0,0,0,0,0,0,0.1,30,0,1
Blind,MUN,DEF,50,0,0,0,0,0,0,0,0,0,0,0,0,0,0,0,0,0
Bogle,CAR,FWD,45,0,0,0,0,0,0,0,0,0,0,0,0,0,0.3,0,0,0
Bolasie,EVE,MID,60,0,0,0,0,0,0,0,0,0,0,0,0,0,0.3,0,0,0
Boly,WOL,DEF,45,5.5,23.4,0,2.9,2,0,0,0,0,0,0,0,0,1.9,90,0,1
Bonatini,WOL,FWD,50,2,1.2,6,0.9,0,0,0,0,0,0,0,0,0,1,19,0,1
Bong,BHA,DEF,45,0.6,6.2,0,0.7,2,0,0,0,0,0,0,0,0,0.2,64,0,1
Boruc,BOU,GKP,40,0,0,0,0,0,0,0,0,0,0,0,0,0,7.4,0,0,0
Boufal,SOU,MID,55,0,0,0,0,0,0,0,0,0,0,0,0,0,0,0,0,0
Brady,BUR,MID,55,0,0,0,0,0,0,0,0,0,0,0,0,0,0,0,0,0
Bravo,MCI,GKP,50,0,0,0,0,0,0,0,0,0,0,0,0,0,0.3,0,0,0
Britos,WAT,DEF,45,0,0,0,0,0,0,0,0,0,0,0,0,0,0.1,0,0,0
Brooks,BOU,MID,50,2.8,3.4,19,2.5,0,0,0,0,0,0,0,0,0,0.1,66,0,3
Bruno,BHA,DEF,45,14.6,6.4,0,2.1,0,0,0,0,0,0,0,0,0,0.3,25,0,1
Bryan,FUL,DEF,50,23.4,22,2,4.7,1,0,0,0,0,0,0,0,0,0.2,70,0,2
Button,BHA,GKP,40,0,0,0,0,0,0,0,0,0,0,0,0,0,1.8,0,0,0
Byram,WHU,DEF,45,0,0,0,0,0,0,0,0,0,0,0,0,0,0.1,0,0,0
Caballero,CHE,GKP,50,0,0,0,0,0,0,0,0,0,0,0,0,0,0.2,0,0,0
Cahill,CHE,DEF,55,0,0,0,0,0,0,0,0,0,0,0,0,0,1.4,0,0,0
Cairney,FUL,MID,50,20.3,16.8,8,4.5,2,0,0,0,0,0,0,0,0,3.1,90,0,2
Calvert-Lewin,EVE,FWD,55,0,0,0,0,0,0,0,0,0,0,0,0,0,1.4,0,0,0
Camarasa,CAR,MID,45,0,0,0,0,0,0,0,0,0,0,0,0,0,0.1,0,0,0
Capoue,WAT,MID,50,2.9,9.8,9,2.2,0,0,0,0,0,0,0,1,0,0.3,90,0,2
Carlos Sanchez,WHU,MID,45,0,0,0,0,0,0,0,0,0,0,0,0,0,0.4,0,0,0
Carrillo,SOU,FWD,55,0,0,0,0,0,0,0,0,0,0,0,0,0,0,0,0,0
Carroll,WHU,FWD,55,0,0,0,0,0,0,0,0,0,0,0,0,0,0,0,0,0
Cathcart,WAT,DEF,45,0.6,10.4,6,1.7,0,0,0,0,0,0,0,0,0,0.1,90,0,6
Cavaleiro,WOL,MID,55,0,0,0,0,0,0,0,0,0,0,0,0,0,0.1,0,0,0
Cech,ARS,GKP,50,0,47,0,4.7,2,0,0,0,0,0,6,0,0,1.7,90,0,3
Chalobah,WAT,MID,45,0,0,0,0,0,0,0,0,0,0,0,0,0,0.2,0,0,0
Chamberlain,LIV,MID,65,0,0,0,0,0,0,0,0,0,0,0,0,0,0,0,0,0
Chambers,FUL,DEF,45,0.6,30.4,0,3.1,2,0,0,0,0,0,0,0,0,2,90,0,1
Chicharito,WHU,FWD,65,0,0,0,0,1,0,0,0,0,0,0,0,0,2.6,28,0,1
Chilwell,LEI,DEF,50,40.3,13.4,2,5.6,2,0,0,0,0,0,0,0,0,0.5,90,0,1
Choudhury,LEI,MID,45,0,0,0,0,0,0,0,0,0,0,0,0,0,0.1,0,0,0
Christensen,CHE,DEF,55,0,0,0,0,0,0,0,0,0,0,0,0,0,1.2,0,0,0
Christie,FUL,DEF,45,19.3,17.8,9,4.6,2,0,0,0,0,0,0,0,0,0.3,90,0,1
Cisse,FUL,MID,45,0,0,0,0,0,0,0,0,0,0,0,0,0,0,0,0,0
Clark,NEW,DEF,45,0.7,18.4,26,4.5,2,0,0,0,0,0,0,0,0,0.3,90,0,1
Cleverley,WAT,MID,50,0,0,0,0,0,0,0,0,0,0,0,0,0,0,0,0,0
Clyne,LIV,DEF,50,0,0,0,0,0,0,0,0,0,0,0,0,0,0.6,0,0,0
Coady,WOL,DEF,45,0.5,14.6,0,1.5,2,0,0,0,0,0,0,0,0,0.7,90,0,1
Coleman,EVE,DEF,55,1.8,26.4,21,4.9,2,0,0,0,0,0,0,0,0,3.1,90,0,1
Connolly,CAR,DEF,40,0,0,0,0,0,0,0,0,0,0,0,0,0,1.6,0,0,0
Cork,BUR,MID,50,33.8,10.2,2,4.6,0,0,0,0,0,0,0,1,0,1.2,90,0,2
Costa,WOL,MID,50,3.8,2.2,8,1.4,2,0,0,0,0,0,0,0,0,0.8,70,0,2
Courtois,CHE,GKP,55,0,0,0,0,0,0,0,0,0,0,0,0,0,1.2,0,0,0
Cresswell,WHU,DEF,55,0,0,0,0,0,0,0,0,0,0,0,0,0,2.1,0,0,0
Cunningham,CAR,DEF,45,0,0,0,0,0,0,0,0,0,0,0,0,0,0.1,0,0,0
Cedric,SOU,DEF,45,1.3,4.2,2,0.8,0,0,0,0,0,0,0,0,0,7.9,55,0,1
Dahlberg,WAT,GKP,45,0,0,0,0,0,0,0,0,0,0,0,0,0,0.1,0,0,0
Dalot,MUN,DEF,55,0,0,0,0,0,0,0,0,0,0,0,0,0,0,0,0,0
Damour,CAR,MID,45,0,0,0,0,0,0,0,0,0,0,0,0,0,0.1,0,0,0
Daniels,BOU,DEF,45,17,13.4,2,3.2,0,0,0,0,0,0,0,1,0,17.6,90,0,5
Danilo,MCI,DEF,55,0,0,0,0,0,0,0,0,0,0,0,0,0,1.1,0,0,0
Dann,CRY,DEF,45,0,0,0,0,0,0,0,0,0,0,0,0,0,0,0,0,0
Darlow,NEW,GKP,45,0,0,0,0,0,0,0,0,0,0,0,0,0,0.1,0,0,0
Darmian,MUN,DEF,50,2.3,20.6,7,3,1,0,0,0,0,0,0,0,0,0.5,90,0,2
David Luiz,CHE,DEF,55,2,20.2,0,2.2,0,0,0,0,0,0,0,1,0,4,90,0,5
David Silva,MCI,MID,85,0,0,0,0,0,0,0,0,0,0,0,0,0,4.7,0,0,0
Davies,EVE,MID,55,0,0,0,0,0,0,0,0,0,0,0,0,0,0.2,0,0,0
Davies,TOT,DEF,60,28.4,20.6,20,6.9,1,0,0,0,0,0,0,0,0,8.8,90,0,2
Davis,SOU,MID,50,0,0,0,0,0,0,0,0,0,0,0,0,0,0.2,0,0,0
De Bruyne,MCI,MID,100,14.8,4.4,7,2.6,0,0,0,0,0,0,0,1,0,27.9,30,0,0
De Gea,MUN,GKP,60,0,21.2,0,2.1,1,0,0,0,0,0,3,0,0,30.2,90,0,3
Deeney,WAT,FWD,60,6.3,5,20,3.1,0,0,0,0,0,0,0,0,0,1.1,90,0,2
Defoe,BOU,FWD,60,0,0,0,0,0,0,0,0,0,0,0,0,0,1,1,0,1
Defour,BUR,MID,55,0,0,0,0,0,0,0,0,0,0,0,0,0,0,0,0,0
Delph,MCI,DEF,55,0,0,0,0,0,0,0,0,0,0,0,0,0,0.4,0,0,0
Dembele,TOT,MID,50,0.5,3,1,0.5,0,0,0,0,0,0,0,0,0,1.6,22,0,1
Dendoncker,WOL,MID,45,0,0,0,0,0,0,0,0,0,0,0,0,0,0.5,0,0,0
Depoitre,HUD,FWD,55,10.8,0,8,1.8,1,0,0,0,0,0,0,0,0,1.3,45,0,1
Deulofeu,WAT,MID,55,0,0,0,0,0,0,0,0,0,0,0,0,0,0.4,0,0,0
Diabate,LEI,MID,50,0,0,0,0,0,0,0,0,0,0,0,0,0,0.1,0,0,0
Diakhaby,HUD,MID,50,0.3,4.2,0,0.5,1,0,0,0,0,0,0,0,0,0.1,19,0,1
Diame,NEW,MID,50,12.5,11.4,8,3.2,2,0,0,0,0,0,0,1,0,0.1,90,0,1
Diaz,MCI,MID,50,0,0,0,0,0,0,0,0,0,0,0,0,0,0.1,0,0,0
Dier,TOT,MID,50,5.4,22.2,0,2.8,1,0,0,0,0,0,0,1,0,2.2,87,0,1
Digne,EVE,DEF,50,0.3,0,0,0,0,0,0,0,0,0,0,0,0,3,4,0,1
Diop,WHU,DEF,45,0,0,0,0,0,0,0,0,0,0,0,0,0,1,0,0,0
Doherty,WOL,DEF,45,26.3,19.8,0,4.6,2,0,0,0,0,0,0,0,0,1.2,90,0,1
Doucoure,WAT,MID,60,25.8,11.6,2,3.9,0,0,0,0,0,0,0,0,0,2.2,90,0,3
Douglas,WOL,DEF,50,0,0,0,0,0,0,0,0,0,0,0,0,0,0.1,0,0,0
Drinkwater,CHE,MID,50,0,0,0,0,0,0,0,0,0,0,0,0,0,0.2,0,0,0
Dubravka,NEW,GKP,50,0,33,0,3.3,2,0,0,0,0,0,3,0,0,0.4,90,0,2
Duffy,BHA,DEF,45,0,27,0,2.7,2,0,0,0,0,0,0,0,0,3.1,90,0,1
Dummett,NEW,DEF,45,1.4,10,1,1.2,2,0,0,0,0,0,0,0,0,0.2,90,0,1
Dunk,BHA,DEF,45,0.3,15,0,1.5,2,0,0,0,0,0,0,0,0,3.2,90,0,1
Durm,HUD,DEF,45,0,0,0,0,0,0,0,0,0,0,0,0,0,0.2,0,0,0
Ecuele Manga,CAR,DEF,45,0.2,15.4,0,1.6,2,0,0,0,0,0,0,0,0,0.1,90,0,1
Ederson,MCI,GKP,55,0,21.4,0,2.1,0,0,0,0,0,0,3,0,0,17.7,90,1,8
Elliot,NEW,GKP,45,0,0,0,0,0,0,0,0,0,0,0,0,0,0.4,0,0,0
Elneny,ARS,MID,45,0,0,0,0,0,0,0,0,0,0,0,0,0,2.8,0,0,0
Elyounoussi,SOU,MID,65,58.3,12,26,9.6,0,0,0,0,0,0,0,0,0,0.5,34,0,1
Emerson,CHE,DEF,55,0,0,0,0,0,0,0,0,0,0,0,0,0,0.2,0,0,0
Enobakhare,WOL,MID,45,0,0,0,0,0,0,0,0,0,0,0,0,0,0.3,0,0,0
Eriksen,TOT,MID,95,72.3,19.2,12,10.4,1,0,0,0,0,0,0,0,0,17.4,90,0,2
Etheridge,CAR,GKP,45,0,37.8,0,3.8,2,0,0,0,0,1,2,0,0,0.3,90,0,6
Evans,LEI,DEF,50,0,0,0,0,0,0,0,0,0,0,0,0,0,0.4,0,0,0
Fabianski,WHU,GKP,45,0,30.4,0,3,4,0,0,0,0,0,4,0,0,19,90,0,1
Fabinho,LIV,MID,60,0,0,0,0,0,0,0,0,0,0,0,0,0,1,0,0,0
Fabri,FUL,GKP,45,0,49.8,0,5,2,0,0,0,0,0,7,0,0,0.3,90,0,3
Felipe Anderson,WHU,MID,70,26.8,15.2,2,4.4,3,0,0,0,0,0,0,0,0,3.8,61,0,2
Fellaini,MUN,MID,50,0,7,0,0.7,1,0,0,0,0,0,0,0,0,0.7,6,0,1
Fernandes,WHU,MID,45,0,0,0,0,0,0,0,0,0,0,0,0,0,0.3,0,0,0
Fernandinho,MCI,MID,55,11.8,7.6,0,1.9,0,0,0,0,0,0,0,0,0,6.9,90,0,3
Fernandez,NEW,DEF,45,0,0,0,0,0,0,0,0,0,0,0,0,0,0.2,0,0,0
Firmino,LIV,FWD,95,29.5,22.6,15,6.7,0,0,1,0,0,0,0,0,0,36.5,68,0,5
Foden,MCI,MID,50,0,0,0,0,0,0,0,0,0,0,0,0,0,0.3,0,0,0
Fonte,FUL,MID,45,0,0,0,0,0,0,0,0,0,0,0,0,0,0.4,0,0,0
Forster,SOU,GKP,45,0,0,0,0,0,0,0,0,0,0,0,0,0,1.4,0,0,0
Foster,WAT,GKP,45,10,7.4,0,1.7,0,0,0,0,0,0,0,0,0,5,90,0,6
Fosu-Mensah,FUL,DEF,45,0,0,0,0,0,0,0,0,0,0,0,0,0,0.9,0,0,0
Francis,BOU,DEF,45,10.8,22.2,4,3.7,0,0,1,0,0,0,0,0,0,0.5,23,0,4
Fraser,BOU,MID,55,43.3,42.8,25,11.1,0,1,0,0,0,0,0,0,0,1.7,90,3,11
Fred,MUN,MID,60,5.1,4.6,0,1,0,0,0,0,0,0,0,1,0,4.9,75,0,2
Fredericks,WHU,DEF,50,1.3,6.2,0,0.8,4,0,0,0,0,0,0,0,0,0.7,90,0,0
Fuchs,LEI,DEF,45,0,0,0,0,0,0,0,0,0,0,0,0,0,1,0,0,0
Fabregas,CHE,MID,65,0,0,0,0,0,0,0,0,0,0,0,0,0,1.3,0,0,0
Gabbiadini,SOU,FWD,60,3.2,0,2,0.5,0,0,0,0,0,0,0,0,0,0.4,18,0,1
Gayle,NEW,FWD,60,0,0,0,0,0,0,0,0,0,0,0,0,0,0.2,0,0,0
Ghezzal,LEI,MID,55,2.3,1.6,4,0.8,1,0,0,0,0,0,0,0,0,0.2,27,0,1
Gibbs-White,WOL,MID,45,0.4,0,0,0,0,0,0,0,0,0,0,0,0,0.4,5,0,1
Gibson,BUR,DEF,50,0,0,0,0,0,0,0,0,0,0,0,0,0,0.4,0,0,0
Giroud,CHE,FWD,80,0,0,0,0,0,0,0,0,0,0,0,0,0,4,0,0,0
Gomes,WAT,GKP,45,0,0,0,0,0,0,0,0,0,0,0,0,0,0.5,0,0,0
Gomez,LIV,DEF,50,0.5,20,4,2.5,0,0,0,0,0,0,0,0,0,0.3,90,0,6
Gosling,BOU,MID,50,10.4,23.2,1,3.5,0,0,0,0,0,0,0,0,0,0.1,90,0,3
Grant,MUN,GKP,50,0,0,0,0,0,0,0,0,0,0,0,0,0,0,0,0,0
Gray,WAT,FWD,60,25.2,7,27,5.9,0,0,0,0,0,0,0,0,0,0.7,73,0,2
Gray,LEI,MID,55,8.2,14.4,38,6.1,2,0,0,0,0,0,0,0,0,1.1,90,0,2
Gross,BHA,MID,70,20.3,8.6,4,3.3,2,0,0,0,0,0,0,0,0,7.1,59,0,1
Guaita,CRY,GKP,45,0,0,0,0,0,0,0,0,0,0,0,0,0,0.3,0,0,0
Gudmundsson,BUR,MID,60,31.1,7,41,7.9,0,0,0,0,0,0,0,0,0,2,86,0,3
Guendouzi,ARS,MID,45,3,11.4,1,1.5,2,0,0,0,0,0,0,0,0,1.3,90,0,2
Gueye,EVE,MID,50,3.5,13.6,0,1.7,2,0,0,0,0,0,0,0,0,0.6,90,0,2
Gunn,SOU,GKP,45,0,0,0,0,0,0,0,0,0,0,0,0,0,0.3,0,0,0
Gunnarsson,CAR,MID,45,0,0,0,0,0,0,0,0,0,0,0,0,0,1.3,0,0,0
Gundogan,MCI,MID,55,6.7,3.6,11,2.1,0,0,0,0,0,0,0,0,0,1.5,90,0,3
Hadergjonaj,HUD,DEF,45,19,11.4,0,3,3,0,0,0,0,0,0,0,0,0.1,90,0,1
Halford,CAR,DEF,40,0,0,0,0,0,0,0,0,0,0,0,0,0,0,0,0,0
Hamer,HUD,GKP,40,0,13.2,0,1.3,3,0,0,0,0,0,1,0,0,3.2,90,0,1
Hart,BUR,GKP,45,0,27,0,2.7,0,0,0,0,0,0,3,0,0,4.7,90,0,7
Hause,WOL,DEF,40,0,0,0,0,0,0,0,0,0,0,0,0,0,0,0,0,0
Hayden,NEW,MID,45,0,0,0,0,0,0,0,0,0,0,0,0,0,0.2,0,0,0
Hazard,CHE,MID,105,13.8,23.8,10,4.8,0,0,1,0,0,0,0,0,0,11,14,0,4
Heaton,BUR,GKP,50,0,0,0,0,0,0,0,0,0,0,0,0,0,0.1,0,0,0
Hemed,BHA,FWD,50,0,0,0,0,0,0,0,0,0,0,0,0,0,0.2,0,0,0
Henderson,LIV,MID,55,0.8,2,0,0.3,0,0,0,0,0,0,0,0,0,1.4,21,0,1
Hendrick,BUR,MID,55,6.5,5.4,33,4.5,0,0,0,0,0,0,0,0,0,0.2,75,0,3
Hennessey,CRY,GKP,45,0,42.6,0,4.3,0,0,0,0,0,0,6,0,0,1.7,90,1,9
Herrera,MUN,MID,50,0,0,0,0,0,0,0,0,0,0,0,0,0,0.2,0,0,0
Hoedt,SOU,DEF,45,1.1,8.6,1,1.1,0,0,0,0,0,0,0,0,0,0.4,90,0,6
Hogg,HUD,MID,45,3.5,8.4,0,1.2,3,0,0,0,0,0,0,0,0,0.3,90,0,2
Hoilett,CAR,MID,55,25.4,11.8,8,4.5,2,0,0,0,0,0,0,0,0,0.4,90,0,2
Holding,ARS,DEF,45,0,0,0,0,0,0,0,0,0,0,0,0,0,0.7,0,0,0
Holebas,WAT,DEF,45,72.5,44.8,8,12.5,0,0,2,0,0,0,0,1,0,2.5,90,2,13
Holgate,EVE,DEF,45,0.1,13.6,0,1.4,2,0,0,0,0,0,0,0,0,0.1,47,0,0
Hudson-Odoi,CHE,MID,45,0,0,0,0,0,0,0,0,0,0,0,0,0,2.4,0,0,0
Hughes,WAT,MID,50,3.8,10.2,18,3.2,0,0,0,0,0,0,0,0,0,0.5,80,0,3
Hugill,WHU,FWD,50,0,0,0,0,0,0,0,0,0,0,0,0,0,0,0,0,0
Hyndman,BOU,MID,45,0,0,0,0,0,0,0,0,0,0,0,0,0,0.1,0,0,0
Hojbjerg,SOU,MID,45,0,0,0,0,0,0,0,0,0,0,0,0,0,0.5,0,0,0
Ibe,BOU,MID,55,0,0,0,0,0,0,0,0,0,0,0,0,0,0.6,0,0,0
Iborra,LEI,MID,50,1.5,3.4,0,0.5,1,0,0,0,0,0,0,0,0,0.1,10,0,1
Iheanacho,LEI,FWD,60,4.9,1.4,28,3.4,2,0,0,0,0,0,0,0,0,1.2,90,0,2
Ince,HUD,MID,50,0,0,0,0,0,0,0,0,0,0,0,0,0,0,0,0,0
Ings,SOU,FWD,55,41.8,6,16,6.4,0,0,0,0,0,0,0,0,0,1.9,34,0,1
Iwobi,ARS,MID,55,0,0,0,0,0,0,0,0,0,0,0,0,0,0.8,0,0,0
Izquierdo,BHA,MID,60,0,0,0,0,0,0,0,0,0,0,0,0,0,0.2,0,0,0
Jach,CRY,DEF,40,0,0,0,0,0,0,0,0,0,0,0,0,0,0.1,0,0,0
Jagielka,EVE,DEF,45,0,0,0,0,2,0,0,0,0,0,0,0,1,1.8,39,0,-3
Jahanbakhsh,BHA,MID,70,14.1,2.4,0,1.7,0,0,0,0,0,0,0,0,0,1.6,19,0,1
Jakupovic,LEI,GKP,45,0,0,0,0,0,0,0,0,0,0,0,0,0,0.1,0,0,0
James,LEI,MID,45,0,0,0,0,0,0,0,0,0,0,0,0,0,0,0,0,0
Janmaat,WAT,DEF,50,6.3,15.2,21,4.3,0,0,0,0,0,0,0,0,0,0.6,90,1,7
Jazz Richards,CAR,DEF,40,0,0,0,0,0,0,0,0,0,0,0,0,0,1,0,0,0
Jesus,MCI,FWD,105,0.7,0.2,0,0.1,0,0,0,0,0,0,0,0,0,2.7,11,0,1
Jimenez,WOL,FWD,55,15.5,44.8,60,12,2,1,0,0,0,0,0,0,0,3.6,90,0,6
Johansen,FUL,MID,55,4.4,6.8,0,1.1,0,0,0,0,0,0,0,0,0,0.2,8,0,1
Jones,MUN,DEF,55,0,0,0,0,0,0,0,0,0,0,0,0,0,3,0,0,0
Jonny,WOL,DEF,45,6.8,0.8,3,1.1,2,0,0,0,0,0,0,0,0,0.6,75,0,1
Jordan Ayew,CRY,FWD,60,0,0,0,0,0,0,0,0,0,0,0,0,0,0.5,0,0,0
Jorginho,CHE,MID,50,9.3,52.6,17,7.9,0,1,0,0,0,0,0,0,0,10.3,90,1,9
Joselu,NEW,FWD,50,15.8,38.6,68,12.2,2,1,0,0,0,0,0,1,0,2.6,58,1,5
Jota,WOL,MID,65,9.8,4.2,5,1.9,2,0,1,0,0,0,0,0,0,6.4,90,0,5
Kabasele,WAT,DEF,45,0.2,8,22,3,0,0,0,0,0,0,0,0,0,0.7,90,0,6
Kaboul,WAT,DEF,45,0,0,0,0,0,0,0,0,0,0,0,0,0,0.2,0,0,0
Kachunga,HUD,FWD,50,0,0,0,0,0,0,0,0,0,0,0,0,0,0.1,0,0,0
Kaikai,CRY,MID,45,0,0,0,0,0,0,0,0,0,0,0,0,0,0.2,0,0,0
Kamara,FUL,FWD,45,25.6,6.2,22,5.4,1,0,0,0,0,0,0,0,0,10.9,29,0,1
Kane,TOT,FWD,125,24.3,6.6,26,5.7,1,0,0,0,0,0,0,1,0,31.2,90,0,1
Kante,CHE,MID,50,11.2,42.4,17,7.1,0,1,0,0,0,0,0,0,0,20.9,90,0,8
Karius,LIV,GKP,50,0,0,0,0,0,0,0,0,0,0,0,0,0,0.2,0,0,0
Kayal,BHA,MID,45,0,0,0,0,0,0,0,0,0,0,0,0,0,0.1,0,0,0
Keane,EVE,DEF,50,10.2,40.4,25,7.6,2,0,1,0,0,0,0,0,0,2.7,90,1,5
Kebano,FUL,MID,45,0,0,0,0,0,0,0,0,0,0,0,0,0,0.1,0,0,0
Keita,LIV,MID,75,17.6,10,10,3.8,0,0,0,0,0,0,0,0,0,5.2,90,0,3
Kelly,CRY,DEF,40,0,0,0,0,0,0,0,0,0,0,0,0,0,8.3,0,0,0
Kenedy,NEW,MID,50,1.5,10.4,5,1.7,2,0,0,0,0,0,0,0,0,2.5,90,0,2
Kenny,EVE,DEF,45,0,0,0,0,0,0,0,0,0,0,0,0,0,0.2,0,0,0
Kepa,CHE,GKP,55,0,9.2,0,0.9,0,0,0,0,0,0,1,0,0,3.4,90,0,6
Ki Sung-yueng,NEW,MID,50,0,0,0,0,0,0,0,0,0,0,0,0,0,0.3,0,0,0
Kiko Femenia,WAT,DEF,45,0.1,2.2,0,0.2,0,0,0,0,0,0,0,0,0,0.5,3,0,1
King,BOU,FWD,65,19.3,5,22,4.6,0,0,0,0,0,0,0,0,0,7.8,90,0,2
Klaassen,EVE,MID,60,0,0,0,0,0,0,0,0,0,0,0,0,0,0,0,0,0
Klavan,LIV,DEF,45,0,0,0,0,0,0,0,0,0,0,0,0,0,0.1,0,0,0
Knockaert,BHA,MID,55,4.4,9.4,22,3.6,2,0,0,0,0,0,0,0,0,0.5,90,0,2
Kolasinac,ARS,DEF,50,0,0,0,0,0,0,0,0,0,0,0,0,0,0.6,0,0,0
Kompany,MCI,DEF,55,0,0,0,0,0,0,0,0,0,0,0,0,0,2.4,0,0,0
Kongolo,HUD,DEF,45,4.3,15.2,0,2,3,0,0,0,0,0,0,1,0,0.3,90,0,0
Koscielny,ARS,DEF,55,0,0,0,0,0,0,0,0,0,0,0,0,0,0.1,0,0,0
Kouyate,CRY,MID,50,0,5,17,2.2,0,0,0,0,0,0,0,0,0,0.6,2,0,1
Kovacic,CHE,MID,60,0,0,0,0,0,0,0,0,0,0,0,0,0,1.3,0,0,0
Lacazette,ARS,FWD,95,0.5,0,5,0.2,1,0,0,0,0,0,0,0,0,4.3,36,0,1
Lallana,LIV,MID,70,0,0,0,0,0,0,0,0,0,0,0,0,0,1.6,0,0,0
Lamela,TOT,MID,65,0,0,0,0,0,0,0,0,0,0,0,0,0,0.1,0,0,0
Lanzini,WHU,MID,65,0,0,0,0,0,0,0,0,0,0,0,0,0,0,0,0,0
Laporte,MCI,DEF,55,1.3,14.2,37,5.3,0,0,0,0,0,0,0,0,0,1.4,90,0,6
Lascelles,NEW,DEF,50,0.5,14.8,6,2.1,2,0,0,0,0,0,0,0,0,8.7,90,0,1
Le Marchand,FUL,DEF,45,1.1,23.4,2,2.7,2,0,0,0,0,0,0,0,0,0.3,90,0,1
Lejeune,NEW,DEF,45,0,0,0,0,0,0,0,0,0,0,0,0,0,0,0,0,0
Lemina,SOU,MID,50,8.8,7.8,53,7,0,0,0,0,0,0,0,0,0,0.2,90,0,3
Lennon,BUR,MID,50,12.3,10,17,3.9,0,0,0,0,0,0,0,0,0,0.3,90,0,3
Leno,ARS,GKP,50,0,0,0,0,0,0,0,0,0,0,0,0,0,2.4,0,0,0
Lerma,BOU,MID,45,0,0,0,0,0,0,0,0,0,0,0,0,0,0.3,0,0,0
Lewis Cook,BOU,MID,50,0,0,0,0,0,0,0,0,0,0,0,0,0,0.3,0,0,0
Lichtsteiner,ARS,DEF,50,5.8,1,2,0.9,1,0,0,0,0,0,0,0,0,2.5,55,0,1
Lindegaard,BUR,GKP,45,0,0,0,0,0,0,0,0,0,0,0,0,0,0.2,0,0,0
Lindelof,MUN,DEF,50,0.5,25.2,0,2.6,1,0,0,0,0,0,0,0,0,1.4,90,0,2
Lingard,MUN,MID,70,0,0,0,0,0,0,0,0,0,0,0,0,0,5.3,0,0,0
Llorente,TOT,FWD,60,0,0,0,0,0,0,0,0,0,0,0,0,0,0.3,0,0,0
Lloris,TOT,GKP,55,0,16.4,0,1.6,1,0,0,0,0,0,1,0,0,8.4,90,0,2
Locadia,BHA,FWD,55,0,0,0,0,0,0,0,0,0,0,0,0,0,0.1,0,0,0
Loftus-Cheek,CHE,MID,55,1.3,2.2,0,0.4,0,0,0,0,0,0,0,0,0,1.2,22,0,1
Long,SOU,FWD,50,0,0,0,0,0,0,0,0,0,0,0,0,0,1.9,0,0,0
Long,BUR,DEF,45,0,0,0,0,0,0,0,0,0,0,0,0,0,0.9,0,0,0
Lookman,EVE,MID,55,0,0,0,0,0,0,0,0,0,0,0,0,0,0.3,0,0,0
Lovren,LIV,DEF,50,0,0,0,0,0,0,0,0,0,0,0,0,0,6.2,0,0,0
Lowton,BUR,DEF,50,6.8,11,1,1.9,0,0,0,0,0,0,0,0,0,1,90,0,6
Lucas,WHU,FWD,65,0,0,0,0,0,0,0,0,0,0,0,0,0,0.3,0,0,0
Lucas Moura,TOT,MID,70,3.2,5,20,2.8,1,0,0,0,0,0,0,0,0,2.3,67,0,2
Lukaku,MUN,FWD,110,0.5,4,17,2.2,1,0,0,0,0,0,0,0,0,7.8,23,0,1
Lossl,HUD,GKP,45,0,0,0,0,0,0,0,0,0,0,0,0,0,2,0,0,0
Lowe,HUD,DEF,45,15.8,7.6,0,2.3,2,0,0,0,0,0,0,0,0,0.2,70,0,1
Maddison,LEI,MID,65,13.8,8.2,29,5.1,1,0,0,0,0,0,0,0,0,0.9,62,0,2
Madine,CAR,FWD,45,0,2,0,0.2,1,0,0,0,0,0,0,0,0,1.3,2,0,1
Maguire,LEI,DEF,55,1.6,10.6,2,1.4,2,0,0,0,0,0,0,0,0,16.6,90,0,1
Mahrez,MCI,MID,90,20.6,6,17,4.4,0,0,0,0,0,0,0,0,0,5.2,59,0,1
Maitland-Niles,ARS,MID,45,10.3,10.8,0,2.1,1,0,0,0,0,0,0,0,0,0.7,34,0,1
Malone,HUD,DEF,40,0,0,0,0,0,0,0,0,0,0,0,0,0,4.6,0,0,0
Manquillo,NEW,DEF,45,0,0,0,0,0,0,0,0,0,0,0,0,0,0.2,0,0,0
Mane,LIV,MID,95,29.3,77,79,18.5,0,2,0,0,0,0,0,0,0,18.4,81,3,16
March,BHA,MID,50,14.3,3.2,2,2,2,0,0,0,0,0,0,0,0,0.1,70,0,2
Mariappa,WAT,DEF,45,0,0,0,0,0,0,0,0,0,0,0,0,0,0.2,0,0,0
Martial,MUN,MID,75,0,0,0,0,0,0,0,0,0,0,0,0,0,0.9,0,0,0
Martina,EVE,DEF,45,0,0,0,0,0,0,0,0,0,0,0,0,0,0.2,0,0,0
Masina,WAT,DEF,45,0,0,0,0,0,0,0,0,0,0,0,0,0,0.1,0,0,0
Masuaku,WHU,MID,45,0.7,21,0,2.2,4,0,0,0,0,0,0,0,0,2.4,90,0,2
Mata,MUN,MID,65,28.8,27,3,5.9,1,0,1,0,0,0,0,0,0,2.4,90,0,5
Matic,MUN,MID,50,0,0,0,0,0,0,0,0,0,0,0,0,0,0.8,0,0,0
Matip,LIV,DEF,50,0,0,0,0,0,0,0,0,0,0,0,0,0,0.1,0,0,0
Mavropanos,ARS,DEF,50,0,0,0,0,0,0,0,0,0,0,0,0,0,0.2,0,0,0
Mawson,FUL,DEF,50,0,0,0,0,0,0,0,0,0,0,0,0,0,0.3,0,0,0
Mbemba,NEW,DEF,40,0,0,0,0,0,0,0,0,0,0,0,0,0,0.2,0,0,0
Mbenza,HUD,MID,60,0,0,0,0,0,0,0,0,0,0,0,0,0,0,0,0,0
McArthur,CRY,MID,50,12.4,14.2,2,2.9,0,0,0,0,0,0,0,0,0,1.7,90,0,3
McCarthy,EVE,MID,45,0,0,0,0,0,0,0,0,0,0,0,0,0,0,0,0,0
McCarthy,SOU,GKP,45,0,46,0,4.6,0,0,0,0,0,0,6,0,0,1,90,3,11
McDonald,FUL,MID,45,6.3,17.8,8,3.2,2,0,0,0,0,0,0,1,0,0.4,90,0,1
McQueen,SOU,DEF,40,0,0,0,0,0,0,0,0,0,0,0,0,0,1.4,0,0,0
McTominay,MUN,MID,45,0.6,0.4,2,0.3,1,0,0,0,0,0,0,0,0,0.9,14,0,1
Mee,BUR,DEF,50,10.8,34.4,6,5.1,0,0,0,0,0,0,0,0,0,4.9,90,2,8
Mendez-Laing,CAR,MID,50,0.9,3.6,13,1.8,1,0,0,0,0,0,0,0,0,0.1,62,0,2
Mendy,MCI,DEF,60,28,56.8,29,11.4,0,0,2,0,0,0,0,0,0,11.5,90,3,15
Merino,NEW,MID,50,0,0,0,0,0,0,0,0,0,0,0,0,0,0,0,0,0
Meyer,CRY,MID,60,0,0,0,0,0,0,0,0,0,0,0,0,0,0.8,0,0,0
Mignolet,LIV,GKP,50,0,0,0,0,0,0,0,0,0,0,0,0,0,0.2,0,0,0
Milivojevic,CRY,MID,65,34.6,16.8,0,5.1,0,0,0,0,0,0,0,0,0,9.3,90,0,3
Milner,LIV,MID,55,54.4,33.6,12,10,0,0,1,0,0,0,0,0,0,0.5,90,0,6
Mina,EVE,DEF,55,0,0,0,0,0,0,0,0,0,0,0,0,0,2.1,0,0,0
Mings,BOU,DEF,45,0,0,0,0,0,0,0,0,0,0,0,0,0,0.2,0,0,0
Mir,WOL,FWD,45,0,0,0,0,0,0,0,0,0,0,0,0,0,0.1,0,0,0
Mirallas,EVE,MID,55,0,0,0,0,0,0,0,0,0,0,0,0,0,0,0,0,0
Miranda,WOL,DEF,40,0,0,0,0,0,0,0,0,0,0,0,0,0,0.1,0,0,0
Mitrovic,FUL,FWD,65,4.2,7.2,66,7.7,2,0,0,0,0,0,0,0,0,6.2,90,0,2
Mkhitaryan,ARS,MID,70,22.3,16.6,42,8.1,2,0,0,0,0,0,0,0,0,13.4,90,0,2
Monreal,ARS,DEF,55,0,0,0,0,0,0,0,0,0,0,0,0,0,0.8,0,0,0
Montoya,BHA,DEF,45,0,0,0,0,0,0,0,0,0,0,0,0,0,0.2,0,0,0
Mooy,HUD,MID,55,18.2,20.2,0,3.8,3,0,0,0,0,0,0,0,0,3.9,90,0,2
Morata,CHE,FWD,90,6.9,2,40,4.9,0,0,0,0,0,0,0,0,0,3.2,90,0,2
Moreno,LIV,DEF,45,0,0,0,0,0,0,0,0,0,0,0,0,0,0.5,0,0,0
Morgan,LEI,DEF,45,1,18.6,0,2,2,0,0,0,0,0,0,0,0,1.6,90,0,1
Morrison,CAR,DEF,50,10.6,28.2,41,8,2,0,0,0,0,0,0,0,0,0.6,90,0,1
Moses,CHE,DEF,60,10.8,1.2,0,1.2,0,0,0,0,0,0,0,0,0,4.3,9,0,1
Mounie,HUD,FWD,60,2.8,1,11,1.5,3,0,0,0,0,0,0,0,0,0.3,90,0,2
Mousset,BOU,FWD,50,0,0,0,0,0,0,0,0,0,0,0,0,0,0.3,1,0,1
Moutinho,WOL,MID,55,8.3,8.6,1,1.8,2,0,0,0,0,0,0,0,0,1.8,84,0,2
Murphy,CAR,MID,50,20.6,4.4,22,4.7,1,0,0,0,0,0,0,0,0,0.3,27,0,1
Murphy,NEW,MID,50,0,0,0,0,0,0,0,0,0,0,0,0,0,0.1,0,0,0
Murray,BHA,FWD,65,1.8,3.6,6,1.1,2,0,0,0,0,0,0,0,0,0.8,90,0,2
Mustafi,ARS,DEF,55,0.2,29.4,17,4.7,2,0,0,0,0,0,0,0,0,1.5,90,0,1
Muto,NEW,FWD,60,0.3,3,37,4,0,0,0,0,0,0,0,0,0,0.1,9,0,1
Navarro,WAT,DEF,45,0,0,0,0,0,0,0,0,0,0,0,0,0,0.1,0,0,0
Ndidi,LEI,MID,50,15.3,19.2,15,5,2,0,0,0,0,0,0,0,0,0.8,90,0,2
Nelson,ARS,MID,45,0,0,0,0,0,0,0,0,0,0,0,0,0,0.8,0,0,0
Neves,WOL,MID,50,27.8,60.6,16,10.4,2,1,1,0,0,0,0,0,0,17.3,90,2,12
Niasse,EVE,FWD,55,0.5,0.6,2,0.3,0,0,0,0,0,0,0,0,0,1,9,0,1
Nkoudou,TOT,MID,50,0,0,0,0,0,0,0,0,0,0,0,0,0,0,0,0,0
Noble,WHU,MID,50,1.5,7,0,0.9,4,0,0,0,0,0,0,0,0,0.5,90,0,2
Norris,WOL,GKP,40,0,0,0,0,0,0,0,0,0,0,0,0,0,2.5,0,0,0
Obiang,WHU,MID,45,0,0,0,0,0,0,0,0,0,0,0,0,0,1.3,0,0,0
Odoi,FUL,DEF,45,0,0,0,0,0,0,0,0,0,0,0,0,0,0.2,0,0,0
Ogbonna,WHU,DEF,45,13.2,20,2,3.5,4,0,0,0,0,0,0,0,0,1,90,0,0
Okaka,WAT,FWD,50,0,0,0,0,0,0,0,0,0,0,0,0,0,0,0,0,0
Okazaki,LEI,FWD,55,0,0,0,0,0,0,0,0,0,0,0,0,0,1.6,0,0,0
Oriol Romeu,SOU,MID,45,4.1,17.4,10,3.2,0,0,0,0,0,0,0,0,0,3,90,0,3
Otamendi,MCI,DEF,65,0,0,0,0,0,0,0,0,0,0,0,0,0,8.5,0,0,0
Oxford,WHU,DEF,45,0,0,0,0,0,0,0,0,0,0,0,0,0,0.2,0,0,0
Paterson,CAR,MID,55,11.3,7.4,18,3.7,1,0,0,0,0,0,0,0,0,0.2,62,0,2
Patricio,WOL,GKP,45,0,21.8,0,2.2,2,0,0,0,0,0,3,0,0,6.4,90,0,2
Pedro,CHE,MID,65,19.4,42.6,21,8.3,0,1,0,0,0,0,0,0,0,2.5,80,1,9
Peltier,CAR,DEF,40,1,10.8,0,1.2,2,0,0,0,0,0,0,1,0,4.1,90,0,0
Pereira,MUN,MID,50,5.8,22.2,0,2.8,1,0,0,0,0,0,0,1,0,0.7,90,0,1
Pereira,LEI,DEF,50,24.3,17.6,16,5.8,2,0,1,0,0,0,0,0,0,1.6,90,0,4
Pereyra,WAT,MID,60,14.5,73.6,66,15.4,0,2,0,0,0,0,0,0,0,2.4,86,3,16
Pickford,EVE,GKP,50,0,15,0,1.5,2,0,0,0,0,0,2,0,0,21,90,0,1
Pilkington,CAR,MID,45,0,0,0,0,0,0,0,0,0,0,0,0,0,0.2,0,0,0
Pogba,MUN,MID,80,9.9,56.8,24,9.1,0,1,0,0,0,0,0,0,0,11.3,83,2,10
Pope,BUR,GKP,50,0,0,0,0,0,0,0,0,0,0,0,0,0,0.4,0,0,0
Pritchard,HUD,MID,50,4.8,7,11,2.3,2,0,0,0,0,0,0,0,0,0.1,45,0,1
Prodl,WAT,DEF,45,0,0,0,0,0,0,0,0,0,0,0,0,0,0.2,0,0,0
Propper,BHA,MID,50,1.5,12,9,2.3,2,0,0,0,0,0,0,0,0,0.2,90,0,2
Pugh,BOU,MID,45,0,0,0,0,0,0,0,0,0,0,0,0,0,0.7,0,0,0
Puncheon,CRY,MID,45,0,0,0,0,0,0,0,0,0,0,0,0,0,0.9,0,0,0
Perez,NEW,FWD,65,13.1,15.6,17,4.6,2,0,0,0,0,0,0,0,0,3,80,0,2
Quaner,HUD,FWD,45,0,0,0,0,0,0,0,0,0,0,0,0,0,5.8,0,0,0
Quina,WAT,MID,45,0,0,0,0,0,0,0,0,0,0,0,0,0,0.1,0,0,0
Ralls,CAR,MID,50,15.9,16.4,8,4,2,0,0,0,0,0,0,0,0,0.3,90,0,2
Ramsey,ARS,MID,75,10.8,9.4,9,2.9,1,0,0,0,0,0,0,0,0,1.4,53,0,1
Rashford,MUN,FWD,70,5.8,11,0,1.7,0,0,0,0,0,0,0,0,0,11.3,66,0,2
Ream,FUL,DEF,45,0,0,0,0,0,0,0,0,0,0,0,0,0,0.4,0,0,0
Redmond,SOU,MID,55,13.4,10,38,6.1,0,0,0,0,0,0,0,0,0,0.5,90,0,3
Reid,WHU,DEF,45,0,0,0,0,0,0,0,0,0,0,0,0,0,0,0,0,0
Reid,CAR,FWD,55,25.8,8,35,6.9,1,0,0,0,0,0,0,0,0,0.7,87,0,2
Rice,WHU,DEF,45,0.6,3,0,0.4,2,0,0,0,0,0,0,0,0,0.3,45,0,0
Richarlison,EVE,MID,65,5.6,78.2,56,14,2,2,0,0,0,0,0,1,0,20.5,85,3,14
Rico,FUL,GKP,45,0,0,0,0,0,0,0,0,0,0,0,0,0,0.3,0,0,0
Rico,BOU,DEF,45,0,0,0,0,0,0,0,0,0,0,0,0,0,0,0,0,0
Riedewald,CRY,DEF,45,0,0,0,0,0,0,0,0,0,0,0,0,0,0.1,0,0,0
Ritchie,NEW,MID,60,36.7,21.4,9,6.7,2,0,1,0,0,0,0,0,0,1.1,68,0,5
Robertson,LIV,DEF,60,30.3,32.2,10,7.3,0,0,1,0,0,0,0,0,0,15.8,90,2,11
Rojo,MUN,DEF,50,0,0,0,0,0,0,0,0,0,0,0,0,0,0.1,0,0,0
Romero,MUN,GKP,50,0,0,0,0,0,0,0,0,0,0,0,0,0,0.1,0,0,0
Rondon,NEW,FWD,60,0.5,0,26,2.5,0,0,0,0,0,0,0,0,0,1.6,31,0,1
Rose,TOT,DEF,60,0,0,0,0,0,0,0,0,0,0,0,0,0,1.5,0,0,0
Ruddy,WOL,GKP,45,0,0,0,0,0,0,0,0,0,0,0,0,0,0.5,0,0,0
Ryan,BHA,GKP,45,0,22.8,0,2.3,2,0,0,0,0,0,3,0,0,5.3,90,0,2
Rudiger,CHE,DEF,60,11.9,20.6,21,5.4,0,0,0,0,0,0,0,0,0,3.1,90,3,9
Sabiri,HUD,MID,45,0,0,0,0,0,0,0,0,0,0,0,0,0,0.1,0,0,0
Sakho,CRY,DEF,50,0.1,18.6,0,1.9,0,0,0,0,0,0,0,0,0,1.6,90,1,7
Sako,CRY,MID,50,0,0,0,0,0,0,0,0,0,0,0,0,0,0,0,0,0
Salah,LIV,MID,130,29,47.6,92,16.9,0,1,0,0,0,0,0,0,0,54.4,86,0,8
Sandro,EVE,FWD,55,0,0,0,0,0,0,0,0,0,0,0,0,0,0.3,0,0,0
Sane,MCI,MID,95,11.1,0,1,1.2,0,0,0,0,0,0,0,0,0,13.5,3,0,1
Saiss,WOL,DEF,45,0,0,0,0,0,0,0,0,0,0,0,0,0,0.3,0,0,0
Schelotto,BHA,DEF,40,0,0,0,0,0,0,0,0,0,0,0,0,0,2.5,0,0,0
Schindler,HUD,DEF,45,0.2,20.2,0,2,3,0,0,0,0,0,0,1,0,3.3,90,0,0
Schlupp,CRY,DEF,45,1.4,42.6,19,6.3,0,1,0,0,0,0,0,1,0,1.4,90,0,11
Schmeichel,LEI,GKP,50,0,25.6,4,3,2,0,0,0,0,0,4,0,0,5.4,90,0,2
Schneiderlin,EVE,MID,45,4.4,11.8,0,1.6,2,0,0,0,0,0,0,0,0,2.6,90,0,2
Schar,NEW,DEF,50,0,0,0,0,0,0,0,0,0,0,0,0,0,0.3,0,0,0
Schurrle,FUL,MID,60,22.2,3.6,4,3,1,0,0,0,0,0,0,0,0,6.4,60,0,2
Sema,WAT,MID,50,0.8,2.2,0,0.3,0,0,0,0,0,0,0,0,0,0.1,9,0,1
Seri,FUL,MID,55,23.1,27,8,5.8,2,0,0,0,0,0,0,0,0,2,81,0,2
Sessegnon,FUL,MID,65,18.6,14.2,25,5.8,2,0,0,0,0,0,0,0,0,9.5,90,0,2
Shaqiri,LIV,MID,75,1.9,0.4,0,0.2,0,0,0,0,0,0,0,0,0,7.2,8,0,1
Shaw,MUN,DEF,50,14.5,60.8,36,11.1,1,1,0,0,0,0,0,0,0,7,90,3,11
Shelvey,NEW,MID,55,31.8,11.4,0,4.3,2,0,0,0,0,0,0,0,0,1.2,90,0,2
Sigurdsson,EVE,MID,75,1.5,0,2,0.2,0,0,0,0,0,0,0,0,0,2.2,43,0,1
Silva,LEI,MID,50,6.2,10.8,0,1.7,1,0,0,0,0,0,0,0,0,0.3,79,0,2
Simpson,LEI,DEF,45,0,0,0,0,0,0,0,0,0,0,0,0,0,0.4,0,0,0
Simpson,BOU,DEF,40,0,0,0,0,0,0,0,0,0,0,0,0,0,5.8,0,0,0
Sims,SOU,MID,45,0,0,0,0,0,0,0,0,0,0,0,0,0,0.1,0,0,0
Sinclair,WAT,FWD,45,0,0,0,0,0,0,0,0,0,0,0,0,0,0.2,0,0,0
Sissoko,TOT,MID,50,7.1,10.6,17,3.5,1,0,0,0,0,0,0,0,0,0.1,90,0,2
Smalling,MUN,DEF,60,0,0,0,0,0,0,0,0,0,0,0,0,0,3.2,0,0,0
Smith,HUD,DEF,45,0,0,0,0,0,0,0,0,0,0,0,0,0,0.1,0,0,0
Smithies,CAR,GKP,45,0,0,0,0,0,0,0,0,0,0,0,0,0,0.1,0,0,0
Snodgrass,WHU,MID,55,5.4,7,0,1.2,2,0,0,0,0,0,0,0,0,0.2,45,0,1
Sobhi,HUD,MID,50,0,0,0,0,0,0,0,0,0,0,0,0,0,0.3,0,0,0
Sokratis,ARS,DEF,55,10.3,16.6,0,2.7,2,0,0,0,0,0,0,1,0,2.7,90,0,0
Solanke,LIV,FWD,50,0,0,0,0,0,0,0,0,0,0,0,0,0,0.4,0,0,0
Son,TOT,MID,85,1,8,2,1.1,0,0,0,0,0,0,0,0,0,6.1,10,0,1
Souare,CRY,DEF,45,0.1,1,0,0.1,0,0,0,0,0,0,0,0,0,0.1,1,0,1
Speroni,CRY,GKP,40,0,0,0,0,0,0,0,0,0,0,0,0,0,15.1,0,0,0
Stanislas,BOU,MID,60,0,0,0,0,0,0,0,0,0,0,0,0,0,0.1,0,0,0
Stankovic,HUD,DEF,40,0,0,0,0,0,0,0,0,0,0,0,0,0,0,0,0,0
Steele,BHA,GKP,40,0,0,0,0,0,0,0,0,0,0,0,0,0,1.5,0,0,0
Stekelenburg,EVE,GKP,40,0,0,0,0,0,0,0,0,0,0,0,0,0,4.8,0,0,0
Stephens,BHA,MID,45,11.8,21.8,4,3.8,2,0,0,0,0,0,0,1,0,11.2,90,0,1
Stephens,SOU,DEF,45,12.1,27.2,33,7.2,0,0,0,0,0,0,0,0,0,0.3,90,0,6
Sterling,MCI,MID,110,17.8,38.2,52,10.8,0,1,0,0,0,0,0,1,0,2.4,86,0,7
Steve Cook,BOU,DEF,45,1,23.2,2,2.6,0,0,0,0,0,0,0,0,0,1.4,90,0,6
Stones,MCI,DEF,55,0.3,13.6,0,1.4,0,0,0,0,0,0,0,0,0,9.7,90,2,8
Sturridge,LIV,FWD,60,2.5,35,50,8.8,0,1,0,0,0,0,0,0,0,1.2,3,0,5
Success,WAT,FWD,45,23.2,4.4,0,2.8,0,0,0,0,0,0,0,0,0,0.2,16,0,1
Surman,BOU,MID,50,3.6,8.8,3,1.5,0,0,0,0,0,0,0,0,0,0.4,90,0,3
Suttner,BHA,DEF,40,0,0,0,0,0,0,0,0,0,0,0,0,0,8.6,0,0,0
Sanchez,MUN,MID,105,45.9,13.8,22,8.2,1,0,1,0,0,0,0,0,0,9.6,90,0,5
Sanchez,TOT,DEF,60,11.4,35.6,15,6.2,1,0,1,0,0,0,0,0,0,2.8,90,0,5
Soyuncu,LEI,DEF,50,0,0,0,0,0,0,0,0,0,0,0,0,0,0.1,0,0,0
Sorloth,CRY,FWD,50,10.3,2.2,2,1.5,0,0,0,0,0,0,0,0,0,0.3,7,0,1
Targett,SOU,DEF,45,0,0,0,0,0,0,0,0,0,0,0,0,0,0.1,0,0,0
Tarkowski,BUR,DEF,50,10.5,50.8,6,6.7,0,0,0,0,0,0,0,0,0,9.8,90,1,7
Taylor,BUR,DEF,45,0,0,0,0,0,0,0,0,0,0,0,0,0,0.3,3,0,1
Tomkins,CRY,DEF,45,0.4,27.2,21,4.9,0,0,0,0,0,0,0,0,0,8.8,90,0,6
Torreira,ARS,MID,50,0.6,3.8,0,0.4,0,0,0,0,0,0,0,0,0,2,20,0,1
Tosun,EVE,FWD,70,17.2,25,11,5.3,2,0,1,0,0,0,0,0,0,6.6,80,0,5
Townsend,CRY,MID,60,17.5,27.6,18,6.3,0,0,0,0,0,0,0,0,0,2.4,87,0,3
Traore,WOL,MID,55,0,0,0,0,0,0,0,0,0,0,0,0,0,0.7,0,0,0
Trippier,TOT,DEF,60,0,0,0,0,0,0,0,0,0,0,0,0,0,24.8,0,0,0
Valencia,MUN,DEF,65,0,0,0,0,0,0,0,0,0,0,0,0,0,0.8,0,0,0
Vardy,LEI,FWD,90,14.5,35,41,9.1,1,1,0,0,0,0,0,0,0,6.5,27,1,6
Vertonghen,TOT,DEF,60,1.3,73.8,33,10.8,1,1,0,0,0,0,0,0,0,10.2,90,3,11
Vestergaard,SOU,DEF,50,10.5,30.4,6,4.7,0,0,0,0,0,0,0,0,0,0.6,90,0,6
Vietto,FUL,FWD,55,24.6,7.4,4,3.6,1,0,0,0,0,0,0,0,0,0.5,19,0,1
Vinagre,WOL,DEF,45,1.2,2.2,0,0.3,0,0,0,0,0,0,0,0,0,0.2,14,0,1
Vlasic,EVE,MID,50,0,0,0,0,0,0,0,0,0,0,0,0,0,0,0,0,0
Vokes,BUR,FWD,55,0,0,4,0.2,0,0,0,0,0,0,0,0,0,1.2,17,0,1
Vorm,TOT,GKP,50,0,0,0,0,0,0,0,0,0,0,0,0,0,0.1,0,0,0
Vydra,BUR,FWD,60,0,0,0,0,0,0,0,0,0,0,0,0,0,0.1,0,0,0
Walcott,EVE,MID,65,2.3,6.2,4,1.3,2,0,0,0,0,0,0,0,0,2,90,0,2
Walker,MCI,DEF,65,1.9,11.8,2,1.6,0,0,0,0,0,0,0,0,0,12.4,90,1,7
Walker-Peters,TOT,DEF,45,0,0,0,0,0,0,0,0,0,0,0,0,0,0.5,0,0,0
Walters,BUR,MID,50,0,0,0,0,0,0,0,0,0,0,0,0,0,0.1,0,0,0
Wan-Bissaka,CRY,DEF,40,14,46,0,6,0,0,1,0,0,0,0,0,0,17.3,90,3,12
Wanyama,TOT,MID,50,0,0,0,0,0,0,0,0,0,0,0,0,0,0.1,0,0,0
Ward,BUR,DEF,50,3.4,19.8,19,4.2,0,0,0,0,0,0,0,0,0,2.6,90,0,6
Ward,CAR,MID,45,1.1,0,0,0.1,1,0,0,0,0,0,0,0,0,0.3,28,0,1
Ward,CRY,DEF,45,0,0,0,0,0,0,0,0,0,0,0,0,0,0.4,0,0,0
Ward,LEI,GKP,45,0,0,0,0,0,0,0,0,0,0,0,0,0,0.2,0,0,0
Ward-Prowse,SOU,MID,55,0,0,0,0,0,0,0,0,0,0,0,0,0,0.6,0,0,0
Welbeck,ARS,FWD,65,0,0,0,0,0,0,0,0,0,0,0,0,0,0.5,0,0,0
Wells,BUR,FWD,45,0,0,0,0,0,0,0,0,0,0,0,0,0,2.3,0,0,0
Westwood,BUR,MID,45,25.3,15.4,9,5,0,0,0,0,0,0,0,0,0,0.4,90,0,3
Wickham,CRY,FWD,50,0,0,0,0,0,0,0,0,0,0,0,0,0,0.2,0,0,0
Wijnaldum,LIV,MID,55,5.4,3.8,13,2.2,0,0,0,0,0,0,0,0,0,0.7,90,0,3
Williams,EVE,DEF,45,0,0,0,0,0,0,0,0,0,0,0,0,0,0.1,0,0,0
Williams,HUD,MID,45,0,0,0,0,0,0,0,0,0,0,0,0,0,0,0,0,0
Willian,CHE,MID,75,48.3,26.4,22,9.7,0,0,1,0,0,0,0,0,0,9.2,75,0,6
Wilshere,WHU,MID,50,3.8,12.8,0,1.7,4,0,0,0,0,0,0,0,0,5,90,0,2
Wilson,BOU,FWD,60,20.2,58.6,103,18.2,0,1,1,0,1,0,0,0,0,4.6,90,1,8
Winks,TOT,MID,55,0,0,0,0,0,0,0,0,0,0,0,0,0,0,0,0,0
Wood,BUR,FWD,65,2.8,5.8,52,6.1,0,0,0,0,0,0,0,0,0,0.5,72,0,2
Xhaka,ARS,MID,55,1.3,8.8,0,1,2,0,0,0,0,0,0,1,0,4.6,69,0,1
Yarmolenko,WHU,MID,70,0.8,1.4,0,0.2,1,0,0,0,0,0,0,0,0,1.1,23,0,1
Yedlin,NEW,DEF,45,1.2,6,1,0.8,2,0,0,0,0,0,0,0,0,1.6,90,0,1
Yoshida,SOU,DEF,45,0,0,0,0,0,0,0,0,0,0,0,0,0,1.6,0,0,0
Young,MUN,DEF,60,0,0,0,0,0,0,0,0,0,0,0,0,0,2.1,0,0,0
Zabaleta,WHU,DEF,45,0,0,0,0,0,0,0,0,0,0,0,0,0,3.7,0,0,0
Zaha,CRY,FWD,70,8.3,37.4,52,9.8,0,1,0,0,0,0,0,1,0,31.5,90,0,5
Zambo Anguissa,FUL,MID,45,0,0,0,0,0,0,0,0,0,0,0,0,0,0.2,0,0,0
Zanka,HUD,DEF,45,11.8,21,2,3.5,3,0,0,0,0,0,0,0,0,9.6,90,0,1
Zappacosta,CHE,DEF,55,0,0,0,0,0,0,0,0,0,0,0,0,0,0.3,0,0,0
Zeegelaar,WAT,DEF,45,0,0,0,0,0,0,0,0,0,0,0,0,0,0.1,0,0,0
Zinchenko,MCI,MID,50,0,0,0,0,0,0,0,0,0,0,0,0,0,0.1,0,0,0
Zohore,CAR,FWD,50,0,0,0,0,0,0,0,0,0,0,0,0,0,0.7,0,0,0
van Aanholt,CRY,DEF,55,22.4,35.6,23,8.1,0,0,1,0,0,0,0,0,0,5.7,90,2,11
van Dijk,LIV,DEF,60,1.3,14.2,0,1.6,0,0,0,0,0,0,0,0,0,18.3,90,0,6
van La Parra,HUD,MID,50,0,0,0,0,0,0,0,0,0,0,0,0,0,0.1,0,0,0
Ozil,ARS,MID,85,24.7,9.2,6,4,2,0,0,0,0,0,0,0,0,5.2,90,0,2
Abraham,CHE,FWD,55,0,0,0,0,0,0,0,0,0,0,0,0,0,0.1,0,0,0
Adam Smith,BOU,DEF,45,19.7,42.4,10,7.2,3,0,0,0,0,0,0,0,1,0.7,240,0,6
Adrian,WHU,GKP,45,0,0,0,0,0,0,0,0,0,0,0,0,0,0.5,0,0,0
Aguero,MCI,FWD,112,83.1,115.6,195,39.4,2,3,1,0,0,0,0,0,0,46.8,243,3,24
Ake,BOU,DEF,50,1.7,88.2,21,11.1,3,1,0,0,0,0,0,0,0,4.3,270,3,18
Albrighton,LEI,MID,54,19.3,25.2,8,5.3,0,0,1,0,0,0,0,0,0,0.7,82,0,5
Alderweireld,TOT,DEF,59,2.3,10.6,5,1.8,1,0,0,0,0,0,0,0,0,2.7,90,0,2
Alexander-Arnold,LIV,DEF,50,52.3,51.4,42,14.6,0,0,0,0,0,0,0,3,0,17.1,268,0,15
Alisson,LIV,GKP,55,0,54.2,0,5.4,0,0,0,0,0,0,6,0,0,16.6,270,1,19
Alli,TOT,MID,91,23.2,77.4,123,22.4,2,1,1,0,0,0,0,0,0,7.6,169,2,14
Alonso,CHE,DEF,66,45.4,88,51,18.5,2,1,2,0,0,0,0,0,0,29,230,5,25
Amartey,LEI,MID,45,15,28,7,5.1,2,0,0,0,0,0,0,1,0,0.3,182,0,4
Amos,TOT,MID,45,0.1,2.2,0,0.2,0,0,0,0,0,0,0,0,0,0.1,2,0,1
Ampadu,CHE,MID,45,0,0,0,0,0,0,0,0,0,0,0,0,0,0.1,0,0,0
Andone,BHA,FWD,50,0,0,0,0,0,0,0,0,0,0,0,0,0,0.1,0,0,0
Andre Gomes,EVE,MID,55,0,0,0,0,0,0,0,0,0,0,0,0,0,0.2,0,0,0
Antonio,WHU,MID,69,39.3,30.6,38,10.8,5,0,0,0,0,0,0,1,0,1.2,152,0,3
Armstrong,SOU,MID,54,40,6,6,5.2,1,0,0,0,0,0,0,0,0,0.2,65,0,3
Arnautovic,WHU,FWD,70,54.8,78.6,117,24.6,6,2,0,0,0,0,0,0,0,19.5,214,2,15
Arter,CAR,MID,50,21.1,28.2,9,5.9,0,0,0,0,0,0,0,2,0,0.3,180,0,4
Atsu,NEW,MID,54,14,6.2,1,2.1,0,0,0,0,0,0,0,0,0,0.1,21,0,1
Aubameyang,ARS,FWD,110,75.6,18.6,61,15.5,6,0,0,0,0,0,0,0,0,15.7,254,0,6
Aurier,TOT,DEF,60,20.7,32.8,4,5.8,1,0,1,0,0,0,0,0,0,1,90,0,5
Austin,SOU,FWD,59,22.4,13.6,42,7.8,3,0,0,0,0,0,0,0,0,1.2,149,0,4
Ayew,CRY,FWD,60,0,0,0,0,0,0,0,0,0,0,0,0,0,0.3,0,0,0
Ayite,FUL,MID,44,0,0,0,0,0,0,0,0,0,0,0,0,0,0.1,0,0,0
Azpilicueta,CHE,DEF,65,48,64.2,0,11.3,2,0,1,0,0,0,0,0,0,13.8,230,0,11
Bacuna,HUD,MID,45,0,0,0,0,0,0,0,0,0,0,0,0,0,0.1,0,0,0
Bailly,MUN,DEF,55,0.6,31.2,2,3.4,4,0,0,0,0,0,0,0,0,3.4,180,0,3
Baines,EVE,DEF,55,55.8,36.4,15,10.8,5,0,0,0,0,0,0,0,0,1.6,270,0,4
Bakayoko,CHE,MID,49,0,0,0,0,0,0,0,0,0,0,0,0,0,0.1,0,0,0
Balbuena,WHU,DEF,45,1.3,60.4,25,8.7,9,0,0,0,0,0,0,1,0,0.3,270,0,1
Baldock,BHA,FWD,45,0,0,0,0,0,0,0,0,0,0,0,0,0,0.4,0,0,0
Balogun,BHA,DEF,44,0.3,34.2,2,3.6,3,0,0,0,0,0,0,1,0,0.1,160,0,2
Bamba,CAR,DEF,45,1.6,79.8,36,11.8,2,0,0,0,0,0,0,0,0,0.8,270,2,15
Baningime,EVE,MID,45,0,0,0,0,0,0,0,0,0,0,0,0,0,0.1,0,0,0
Bardsley,BUR,DEF,44,0,0,0,0,0,0,0,0,0,0,0,0,0,0.2,0,0,0
Barkley,CHE,MID,60,24.8,10.4,40,7.5,2,0,0,0,0,0,0,0,0,0.5,126,0,4
Barnes,BUR,FWD,59,11.6,5.2,7,2.3,0,0,0,0,0,0,0,0,0,0.7,39,0,2
Batth,WOL,DEF,40,0,0,0,0,0,0,0,0,0,0,0,0,0,1.7,0,0,0
Bednarek,SOU,DEF,40,0,0,0,0,0,0,0,0,0,0,0,0,0,4.1,0,0,0
Begovic,BOU,GKP,45,0,35.6,0,3.6,3,0,0,0,0,0,6,0,0,4.9,270,0,10
Bellerin,ARS,DEF,55,50.8,72.8,33,15.7,6,0,1,0,0,0,0,0,0,12.4,270,0,7
Benalouane,LEI,DEF,40,0,0,0,0,0,0,0,0,0,0,0,0,0,1.1,0,0,0
Benkovic,LEI,DEF,50,0,0,0,0,0,0,0,0,0,0,0,0,0,0.1,0,0,0
Bennett,CAR,DEF,45,21.8,48.4,0,7,2,0,0,0,0,0,0,0,0,0.6,270,2,15
Bennett,WOL,DEF,40,27.2,58,0,8.4,5,0,0,0,0,0,0,0,0,7.1,270,0,4
Benteke,CRY,FWD,65,36.1,14.2,53,10.4,3,0,0,0,0,0,0,0,0,1.2,235,0,6
Bernard,EVE,MID,60,0.5,0.2,0,0.1,0,0,0,0,0,0,0,0,0,0.2,5,0,1
Bernardo,BHA,DEF,44,1.8,18,0,2,2,0,0,0,0,0,0,1,0,0.2,90,0,0
Bernardo Silva,MCI,MID,76,52.4,60.4,77,19,2,1,0,0,0,0,0,0,0,11.1,241,0,12
Bertrand,SOU,DEF,50,66.9,72.4,25,16.5,4,1,0,0,0,0,0,1,0,6,270,1,14
Bettinelli,FUL,GKP,45,0,0,0,0,2,0,0,0,0,0,0,0,0,0.2,48,0,0
Billing,HUD,MID,45,8.3,62.2,42,11.3,9,0,0,0,0,0,0,1,0,0.2,270,0,6
Bissouma,BHA,MID,50,17.8,8.4,19,4.5,1,0,0,0,0,0,0,0,0,0,109,0,3
Blind,MUN,DEF,50,0,0,0,0,0,0,0,0,0,0,0,0,0,0,0,0,0
Bogle,CAR,FWD,45,0,0,0,0,0,0,0,0,0,0,0,0,0,0.2,0,0,0
Bolasie,EVE,MID,58,0,0,0,0,0,0,0,0,0,0,0,0,0,0.2,0,0,0
Boly,WOL,DEF,45,7.3,108,33,14.9,5,1,0,0,0,0,0,0,0,1.5,270,0,10
Bonatini,WOL,FWD,49,6.8,1.2,18,2.2,0,0,0,0,0,0,0,0,0,0.7,64,0,2
Bong,BHA,DEF,45,6.8,28.8,0,3.5,5,0,0,0,0,0,0,0,0,0.2,244,0,4
Boruc,BOU,GKP,40,0,0,0,0,0,0,0,0,0,0,0,0,0,6.8,0,0,0
Boufal,SOU,MID,55,0,0,0,0,0,0,0,0,0,0,0,0,0,0,0,0,0
Brady,BUR,MID,55,0,0,0,0,0,0,0,0,0,0,0,0,0,0,0,0,0
Bravo,MCI,GKP,50,0,0,0,0,0,0,0,0,0,0,0,0,0,0.2,0,0,0
Britos,WAT,DEF,44,0,0,0,0,0,0,0,0,0,0,0,0,0,0.1,0,0,0
Brooks,BOU,MID,50,48.1,19.8,89,15.7,2,0,0,0,0,0,0,0,0,0.2,207,0,7
Bruno,BHA,DEF,44,14.6,6.4,0,2.1,0,0,0,0,0,0,0,0,0,0.2,25,0,1
Bryan,FUL,DEF,50,42.9,42.8,12,9.7,6,0,0,0,0,0,0,0,0,0.2,202,0,3
Button,BHA,GKP,40,0,0,0,0,0,0,0,0,0,0,0,0,0,1.7,0,0,0
Byram,WHU,DEF,45,0,0,0,0,0,0,0,0,0,0,0,0,0,0,0,0,0
Caballero,CHE,GKP,49,0,0,0,0,0,0,0,0,0,0,0,0,0,0.1,0,0,0
Cahill,CHE,DEF,54,0,0,0,0,0,0,0,0,0,0,0,0,0,1,0,0,0
Cairney,FUL,MID,49,56.5,28.4,16,10.1,5,0,1,0,0,0,0,0,0,2.3,210,0,8
Calvert-Lewin,EVE,FWD,54,18,7.6,2,2.8,0,0,0,0,0,0,0,0,0,0.9,21,0,2
Camarasa,CAR,MID,45,28.1,16.4,8,5.3,0,0,0,0,0,0,0,1,0,0.1,149,0,5
Capoue,WAT,MID,50,4.2,19.2,9,3.3,2,0,1,0,0,0,0,2,0,0.3,270,0,8
Carlos Sanchez,WHU,MID,45,11.8,12.4,16,4,3,0,0,0,0,0,0,0,0,0.3,103,0,3
Carrillo,SOU,FWD,55,0,0,0,0,0,0,0,0,0,0,0,0,0,0,0,0,0
Carroll,WHU,FWD,55,0,0,0,0,0,0,0,0,0,0,0,0,0,0,0,0,0
Cathcart,WAT,DEF,45,1,33.2,6,4,2,0,0,0,0,0,0,0,0,0.2,270,0,10
Cavaleiro,WOL,MID,54,0,0,0,0,0,0,0,0,0,0,0,0,0,0.1,0,0,0
Cech,ARS,GKP,50,0,127.8,0,12.8,6,0,0,0,0,0,18,0,0,2,270,0,9
Chalobah,WAT,MID,45,0,0,0,0,0,0,0,0,0,0,0,0,0,0.2,0,0,0
Chamberlain,LIV,MID,65,0,0,0,0,0,0,0,0,0,0,0,0,0,0,0,0,0
Chambers,FUL,DEF,45,0.7,55,0,5.6,5,0,0,0,0,0,0,0,0,1.6,180,0,2
Chicharito,WHU,FWD,65,5.3,4.2,48,5.8,5,0,1,0,0,0,0,0,0,2.2,125,0,7
Chilwell,LEI,DEF,50,56.3,69.6,69,19.6,3,0,0,0,0,0,0,0,0,0.7,270,2,11
Choudhury,LEI,MID,45,0,0,0,0,0,0,0,0,0,0,0,0,0,0.1,0,0,0
Christensen,CHE,DEF,53,0,0,0,0,0,0,0,0,0,0,0,0,0,0.7,0,0,0
Christie,FUL,DEF,45,19.3,18.8,9,4.7,2,0,0,0,0,0,0,0,0,0.2,95,0,2
Cisse,FUL,MID,45,0,0,0,0,0,0,0,0,0,0,0,0,0,0.1,0,0,0
Clark,NEW,DEF,45,0.8,34.8,26,6.2,2,0,0,0,0,0,0,0,0,0.3,230,0,8
Cleverley,WAT,MID,50,0,0,0,0,0,0,0,0,0,0,0,0,0,0,0,0,0
Clyne,LIV,DEF,48,0,0,0,0,0,0,0,0,0,0,0,0,0,0.4,0,0,0
Coady,WOL,DEF,45,0.9,43,0,4.4,5,0,0,0,0,0,0,1,0,0.5,270,0,3
Coleman,EVE,DEF,55,15.3,61.6,37,11.4,5,0,0,0,0,0,0,0,0,2.4,270,0,4
Connolly,CAR,DEF,40,0,0,0,0,0,0,0,0,0,0,0,0,0,1.3,0,0,0
Cork,BUR,MID,49,38.7,15.4,12,6.6,6,0,0,0,0,0,0,1,0,0.9,228,0,5
Costa,WOL,MID,49,17.6,11.8,26,5.5,5,0,0,0,0,0,0,0,0,0.6,186,0,5
Courtois,CHE,GKP,55,0,0,0,0,0,0,0,0,0,0,0,0,0,0.7,0,0,0
Cresswell,WHU,DEF,54,0,0,0,0,0,0,0,0,0,0,0,0,0,1.3,0,0,0
Cunningham,CAR,DEF,44,0,0,0,0,0,0,0,0,0,0,0,0,0,0.1,0,0,0
Cedric,SOU,DEF,45,8.2,21.4,14,4.4,4,0,0,0,0,0,0,1,0,6,235,0,2
Dahlberg,WAT,GKP,45,0,0,0,0,0,0,0,0,0,0,0,0,0,0.1,0,0,0
Dalot,MUN,DEF,55,0,0,0,0,0,0,0,0,0,0,0,0,0,0,0,0,0
Damour,CAR,MID,45,0,0,0,0,0,0,0,0,0,0,0,0,0,0.1,0,0,0
Daniels,BOU,DEF,45,34.9,48.8,8,9.1,3,0,0,0,0,0,0,1,0,14.3,270,0,8
Danilo,MCI,DEF,53,0,0,0,0,0,0,0,0,0,0,0,0,0,0.6,0,0,0
Dann,CRY,DEF,45,0,0,0,0,0,0,0,0,0,0,0,0,0,0,0,0,0
Darlow,NEW,GKP,45,0,0,0,0,0,0,0,0,0,0,0,0,0,0.1,0,0,0
Darmian,MUN,DEF,49,2.3,20.6,7,3,1,0,0,0,0,0,0,0,0,0.4,90,0,2
David Luiz,CHE,DEF,55,6.8,34.8,8,4.9,2,0,0,0,0,0,0,1,0,4,230,0,7
David Silva,MCI,MID,85,117.5,68.2,71,25.7,2,1,0,0,0,0,0,1,0,6.5,153,2,10
Davies,EVE,MID,54,16.3,27.6,3,4.7,3,0,0,0,0,0,0,0,0,0.2,156,0,4
Davies,TOT,DEF,59,71.6,34.2,65,17.1,2,0,0,0,0,0,0,0,0,5.9,180,0,4
Davis,SOU,MID,49,0,0,0,0,0,0,0,0,0,0,0,0,0,0.1,0,0,0
De Bruyne,MCI,MID,98,14.8,4.4,7,2.6,0,0,0,0,0,0,0,1,0,5,30,0,0
De Gea,MUN,GKP,60,0,25.2,0,2.5,4,0,0,0,0,0,3,0,0,25.7,180,0,4
Deeney,WAT,FWD,60,33.7,64,95,19.2,2,1,1,0,0,0,0,0,0,3.9,268,3,16
Defoe,BOU,FWD,59,0,0,0,0,0,0,0,0,0,0,0,0,0,0.7,1,0,1
Defour,BUR,MID,55,0,0,0,0,0,0,0,0,0,0,0,0,0,0,0,0,0
Delph,MCI,DEF,54,0,0,0,0,0,0,0,0,0,0,0,0,0,0.3,0,0,0
Dembele,TOT,MID,49,2.2,6.2,1,1,0,0,0,0,0,0,0,0,0,1.4,49,0,2
Dendoncker,WOL,MID,45,0,0,0,0,0,0,0,0,0,0,0,0,0,0.4,0,0,0
Depoitre,HUD,FWD,54,11.6,2.4,8,2.1,4,0,0,0,0,0,0,0,0,0.9,100,0,3
Deulofeu,WAT,MID,54,0,0,0,0,0,0,0,0,0,0,0,0,0,0.2,0,0,0
Diabate,LEI,MID,49,0,0,0,0,0,0,0,0,0,0,0,0,0,0,0,0,0
Diakhaby,HUD,MID,49,3.4,8.2,2,1.4,3,0,0,0,0,0,0,0,0,0,115,0,5
Diame,NEW,MID,50,13.6,33.2,25,7.2,2,0,0,0,0,0,0,1,0,0.1,230,0,5
Diaz,MCI,MID,49,0,0,0,0,0,0,0,0,0,0,0,0,0,0.1,0,0,0
Dier,TOT,MID,49,33.7,36.4,0,7.1,2,0,0,0,0,0,0,1,0,1.7,159,0,3
Digne,EVE,DEF,49,0.3,0,0,0,0,0,0,0,0,0,0,0,0,1.8,4,0,1
Diop,WHU,DEF,44,0.2,6.2,2,0.8,3,0,0,1,0,0,0,1,0,0.7,90,0,-2
Doherty,WOL,DEF,44,34,33.6,48,11.3,5,0,0,1,0,0,0,0,0,0.8,248,0,2
Doucoure,WAT,MID,60,43.9,43.6,4,9.1,2,0,1,0,0,0,0,0,0,1.9,270,1,11
Douglas,WOL,DEF,50,0,0,0,0,0,0,0,0,0,0,0,0,0,0,0,0,0
Dowell,EVE,MID,45,0,0,0,0,0,0,0,0,0,0,0,0,0,0,0,0,0
Drinkwater,CHE,MID,49,0,0,0,0,0,0,0,0,0,0,0,0,0,0.2,0,0,0
Dubravka,NEW,GKP,50,0,33,0,3.3,2,0,0,0,0,0,5,0,0,0.4,230,0,9
Duffy,BHA,DEF,45,0.2,116.4,23,13.9,5,1,0,0,0,0,0,0,0,2.9,270,0,10
Dummett,NEW,DEF,45,1.7,21.2,1,2.4,2,0,0,0,0,0,0,0,0,0.3,230,0,8
Dunk,BHA,DEF,44,0.3,15,0,1.5,2,0,0,0,0,0,0,0,0,2.1,109,0,2
Durm,HUD,DEF,45,0,0,0,0,0,0,0,0,0,0,0,0,0,0.1,0,0,0
Ecuele Manga,CAR,DEF,45,13.7,58.2,0,7.3,2,0,0,0,0,0,0,0,0,0.1,270,0,13
Ederson,MCI,GKP,56,10,53.2,0,6.3,2,0,1,0,0,0,4,0,0,22,270,1,15
Elliot,NEW,GKP,45,0,0,0,0,0,0,0,0,0,0,0,0,0,0.3,0,0,0
Elneny,ARS,MID,44,0,0,0,0,0,0,0,0,0,0,0,0,0,2.4,0,0,0
Elyounoussi,SOU,MID,64,85.8,24.8,56,16.6,1,0,0,0,0,0,0,0,0,0.2,112,0,3
Emerson,CHE,DEF,54,0,0,0,0,0,0,0,0,0,0,0,0,0,0.1,0,0,0
Enobakhare,WOL,MID,45,0,0,0,0,0,0,0,0,0,0,0,0,0,0.2,0,0,0
Eriksen,TOT,MID,94,94.5,25.6,52,17.3,2,0,0,0,0,0,0,0,0,11.8,180,0,4
Etheridge,CAR,GKP,45,0,115.6,0,11.5,2,0,0,0,0,2,9,0,0,4.3,270,3,28
Evans,LEI,DEF,50,0.4,13.6,0,1.4,0,0,0,0,0,0,0,1,0,0.4,90,0,5
Fabianski,WHU,GKP,45,0,115,0,11.4,9,0,0,0,0,0,16,0,0,15.9,270,1,8
Fabinho,LIV,MID,58,0,0,0,0,0,0,0,0,0,0,0,0,0,0.7,0,0,0
Fabri,FUL,GKP,45,0,115.2,0,11.5,5,0,0,0,0,0,15,0,0,0.4,180,2,8
Felipe Anderson,WHU,MID,69,90.6,63,39,19.3,8,0,1,0,0,0,0,1,0,2.5,241,0,8
Fellaini,MUN,MID,50,3.7,9.6,2,1.5,1,0,1,0,0,0,0,0,0,0.7,36,0,5
Fernandes,WHU,MID,45,0,0,0,0,0,0,0,0,0,0,0,0,0,0.2,0,0,0
Fernandinho,MCI,MID,55,21.2,35,21,7.7,2,0,0,0,0,0,0,0,0,5.5,270,0,7
Fernandez,NEW,DEF,45,0,0,0,0,0,0,0,0,0,0,0,0,0,0.2,50,0,1
Firmino,LIV,FWD,95,62.7,58.4,105,22.6,0,0,2,0,0,0,0,0,0,30.7,248,0,12
Foden,MCI,MID,49,10.9,4.2,8,2.3,0,0,0,0,0,0,0,0,0,0.2,8,0,1
Fonte,FUL,MID,44,0,0,0,0,0,0,0,0,0,0,0,0,0,0.4,0,0,0
Forster,SOU,GKP,44,0,0,0,0,0,0,0,0,0,0,0,0,0,1,0,0,0
Foster,WAT,GKP,45,10,22.2,0,3.2,2,0,0,0,0,0,4,0,0,4.8,270,0,10
Fosu-Mensah,FUL,DEF,45,2.3,9.6,1,1.3,5,0,0,0,0,0,0,0,0,0.7,138,0,1
Francis,BOU,DEF,45,11.1,29.8,4,4.5,0,0,1,0,0,0,0,0,0,0.5,35,0,5
Fraser,BOU,MID,56,119.8,98.6,64,28.2,3,1,1,0,0,0,0,0,0,5.2,270,4,19
Fred,MUN,MID,59,9,11.4,1,2.2,3,0,0,0,0,0,0,1,0,3.4,165,0,4
Fredericks,WHU,DEF,49,20.8,27,6,5.4,7,0,0,0,0,0,0,1,0,0.5,180,0,0
Fuchs,LEI,DEF,44,0,0,0,0,0,0,0,0,0,0,0,0,0,0.7,0,0,0
Fabregas,CHE,MID,64,0,0,0,0,0,0,0,0,0,0,0,0,0,0.6,0,0,0
Gabbiadini,SOU,FWD,59,3.5,0,2,0.5,0,0,0,0,0,0,0,0,0,0.3,36,0,2
Gayle,NEW,FWD,60,0,0,0,0,0,0,0,0,0,0,0,0,0,0.1,0,0,0
Ghezzal,LEI,MID,54,13.2,5,4,2.2,1,0,0,0,0,0,0,0,0,0.1,39,0,2
Gibbs-White,WOL,MID,45,2.2,0,2,0.3,0,0,0,0,0,0,0,1,0,0.3,26,0,1
Gibson,BUR,DEF,50,0,0,0,0,0,0,0,0,0,0,0,0,0,0.3,0,0,0
Giroud,CHE,FWD,79,11.9,7.4,36,5.5,0,0,0,0,0,0,0,0,0,2.7,15,0,1
Gomes,WAT,GKP,45,0,0,0,0,0,0,0,0,0,0,0,0,0,0.4,0,0,0
Gomez,LIV,DEF,50,23.5,61.4,25,11.1,0,0,0,0,0,0,0,0,0,1.3,270,2,20
Gosling,BOU,MID,50,36.2,40.8,2,7.9,3,0,0,0,0,0,0,1,0,0.1,270,0,6
Grant,MUN,GKP,50,0,0,0,0,0,0,0,0,0,0,0,0,0,0,0,0,0
Gray,WAT,FWD,60,28.2,39.6,66,13.4,1,1,0,0,0,0,0,0,0,0.7,212,0,10
Gray,LEI,MID,55,26.3,55.2,68,15,3,1,0,0,0,0,0,0,0,1.3,258,2,14
Gross,BHA,MID,69,52.6,62.8,44,15.9,3,1,0,0,0,0,0,0,0,5.3,158,3,12
Guaita,CRY,GKP,44,0,0,0,0,0,0,0,0,0,0,0,0,0,0.2,0,0,0
Gudmundsson,BUR,MID,60,71.7,31,52,15.5,4,0,1,0,0,0,0,0,0,1.7,194,0,9
Guendouzi,ARS,MID,45,31.4,49,16,9.6,6,0,0,0,0,0,0,0,0,3.1,235,0,5
Gueye,EVE,MID,50,10.2,72.6,25,10.8,5,0,0,0,0,0,0,1,0,0.5,270,0,5
Gunn,SOU,GKP,45,0,0,0,0,0,0,0,0,0,0,0,0,0,0.2,0,0,0
Gunnarsson,CAR,MID,45,0,0,0,0,0,0,0,0,0,0,0,0,0,0.8,0,0,0
Gundogan,MCI,MID,55,74.8,44,71,18.9,2,0,1,0,0,0,0,0,0,2.1,247,3,13
Hadergjonaj,HUD,DEF,45,25.9,26.8,8,6,9,0,0,0,0,0,0,0,0,0.1,270,0,6
Halford,CAR,DEF,40,0,0,0,0,0,0,0,0,0,0,0,0,0,0,0,0,0
Hamer,HUD,GKP,40,0,78.4,0,7.8,9,0,0,0,0,0,11,0,0,6.5,192,0,4
Hart,BUR,GKP,45,0,47.2,0,4.7,6,0,0,0,0,0,8,0,0,6,228,0,9
Hause,WOL,DEF,40,0,0,0,0,0,0,0,0,0,0,0,0,0,0.2,0,0,0
Hayden,NEW,MID,45,0,0,0,0,0,0,0,0,0,0,0,0,1,0.2,20,0,-2
Hazard,CHE,MID,105,49.1,50.2,39,13.9,0,0,2,0,0,0,0,0,0,13,93,0,9
Heaton,BUR,GKP,50,0,0,0,0,0,0,0,0,0,0,0,0,0,0.1,0,0,0
Hemed,BHA,FWD,49,0,0,0,0,0,0,0,0,0,0,0,0,0,0.2,0,0,0
Henderson,LIV,MID,54,17.7,18.4,0,3.7,0,0,0,0,0,0,0,0,0,1,67,0,3
Hendrick,BUR,MID,55,9.5,11,56,7.7,6,1,0,0,0,0,0,0,0,0.2,192,0,11
Hennessey,CRY,GKP,45,0,72.8,0,7.3,4,0,0,0,0,0,13,0,0,2.8,270,1,13
Herrera,MUN,MID,50,0,0,0,0,0,0,0,0,0,0,0,0,0,0.1,0,0,0
Hoedt,SOU,DEF,45,12.9,38.4,1,5.3,4,0,0,0,0,0,0,1,0,0.4,270,0,7
Hogg,HUD,MID,45,6.3,10,0,1.6,3,0,0,0,0,0,0,0,1,0.3,152,0,2
Hoilett,CAR,MID,54,31,19,20,7,2,0,0,0,0,0,0,0,0,0.2,172,0,5
Holding,ARS,DEF,44,0,0,0,0,0,0,0,0,0,0,0,0,0,0.6,0,0,0
Holebas,WAT,DEF,46,88.2,64.2,10,16.2,2,1,2,0,0,0,0,2,0,6.7,270,2,22
Holgate,EVE,DEF,45,1.8,44,2,4.8,5,0,0,0,0,0,0,0,0,0.2,227,0,3
Hudson-Odoi,CHE,MID,44,0,0,0,0,0,0,0,0,0,0,0,0,0,1.8,0,0,0
Hughes,WAT,MID,50,28,60,37,12.5,2,1,0,0,0,0,0,1,0,1.2,252,2,13
Hugill,WHU,FWD,50,0,0,0,0,0,0,0,0,0,0,0,0,0,0,0,0,0
Hyndman,BOU,MID,45,0,0,0,0,0,0,0,0,0,0,0,0,0,0,0,0,0
Hojbjerg,SOU,MID,45,29.4,2.6,5,3.7,2,0,0,0,0,0,0,0,1,0.4,76,0,-1
Ibe,BOU,MID,53,46.4,10.4,6,6.3,1,0,0,0,0,0,0,0,0,0.4,26,0,1
Iborra,LEI,MID,49,1.5,3.4,0,0.5,1,0,0,0,0,0,0,0,0,0.1,10,0,1
Iheanacho,LEI,FWD,60,19.6,6,32,5.7,3,0,1,0,0,0,0,0,0,1.2,164,0,8
Ince,HUD,MID,50,0,0,0,0,0,0,0,0,0,0,0,0,0,0,0,0,0
Ings,SOU,FWD,56,55.8,49,186,29.1,3,1,0,0,0,0,0,0,0,5.4,192,1,10
Iwobi,ARS,MID,55,38.7,59.4,29,12.7,3,1,1,0,0,0,0,0,0,1.6,119,0,11
Izquierdo,BHA,MID,59,0,0,0,0,0,0,0,0,0,0,0,0,0,0.1,0,0,0
Jach,CRY,DEF,40,0,0,0,0,0,0,0,0,0,0,0,0,0,0.1,0,0,0
Jagielka,EVE,DEF,44,0,0,0,0,2,0,0,0,0,0,0,0,1,1,39,0,-3
Jahanbakhsh,BHA,MID,69,14.4,6,0,2.1,0,0,0,0,0,0,0,0,0,1.1,33,0,2
Jakupovic,LEI,GKP,45,0,0,0,0,0,0,0,0,0,0,0,0,0,0.1,0,0,0
James,LEI,MID,45,0,0,0,0,0,0,0,0,0,0,0,0,0,0,0,0,0
Janmaat,WAT,DEF,50,13,32,23,6.9,2,0,1,0,0,0,0,2,0,0.6,270,1,12
Jazz Richards,CAR,DEF,40,0,0,0,0,0,0,0,0,0,0,0,0,0,0.8,0,0,0
Jesus,MCI,FWD,105,72.2,64.6,134,27.1,1,1,0,0,0,0,0,0,0,2.5,129,1,9
Jimenez,WOL,FWD,55,39.5,53.6,127,21.9,5,1,0,0,0,0,0,0,0,5,270,0,10
Johansen,FUL,MID,54,6.1,9.8,0,1.6,2,0,0,0,0,0,0,0,0,0.1,25,0,2
Jones,MUN,DEF,53,0,0,0,0,0,0,0,0,0,0,0,0,0,1.4,0,0,0
Jonny,WOL,DEF,45,44.8,32.4,15,9.3,5,0,0,0,0,0,0,0,0,0.5,249,0,4
Jorginho,CHE,MID,51,21.2,67,24,11.2,2,1,0,0,0,0,0,0,0,14.4,230,1,12
Joselu,NEW,FWD,50,19.5,46,110,17.5,2,1,0,0,0,0,0,1,0,4.1,148,1,7
Jota,WOL,MID,63,49.3,20,39,10.8,5,0,1,0,0,0,0,0,0,3.2,225,0,8
Kabasele,WAT,DEF,45,0.5,18.2,22,4.1,2,0,0,0,0,0,0,0,0,0.8,270,0,10
Kaboul,WAT,DEF,44,0,0,0,0,0,0,0,0,0,0,0,0,0,0.2,0,0,0
Kachunga,HUD,FWD,50,0,0,0,0,0,0,0,0,0,0,0,0,0,0.1,0,0,0
Kaikai,CRY,MID,45,0,0,0,0,0,0,0,0,0,0,0,0,0,0.2,0,0,0
Kamara,FUL,FWD,45,60.1,13.8,30,10.4,4,0,0,0,0,0,0,0,0,11.7,116,0,3
Kane,TOT,FWD,125,55.3,46.6,82,18.4,2,1,0,0,0,0,0,1,0,27.8,178,1,8
Kante,CHE,MID,50,60.8,57.8,61,18,2,1,0,0,0,0,0,0,0,23.2,230,0,11
Karius,LIV,GKP,49,0,0,0,0,0,0,0,0,0,0,0,0,0,0.2,0,0,0
Kayal,BHA,MID,45,0,0,0,0,1,0,0,0,0,0,0,0,0,0.1,1,0,1
Keane,EVE,DEF,50,21.7,119.8,84,22.6,5,1,1,0,0,0,0,0,0,2.6,270,4,17
Kebano,FUL,MID,44,0,0,0,0,0,0,0,0,0,0,0,0,0,0.1,0,0,0
Keita,LIV,MID,75,55,37.4,47,14,0,0,0,0,0,0,0,0,0,4.9,242,0,9
Kelly,CRY,DEF,40,0,0,0,0,2,0,0,0,0,0,0,0,0,6.7,90,0,1
Kenedy,NEW,MID,50,2.1,21,53,7.6,2,0,0,0,1,0,0,0,0,1.6,180,0,3
Kenny,EVE,DEF,44,0,0,0,0,0,0,0,0,0,0,0,0,0,0.2,0,0,0
Kepa,CHE,GKP,55,0,37.4,0,3.7,2,0,0,0,0,0,6,0,0,3.9,230,0,9
Ki Sung-yueng,NEW,MID,49,0,0,0,0,0,0,0,0,0,0,0,0,0,0.2,50,0,1
Kiko Femenia,WAT,DEF,44,1.2,2.4,0,0.3,0,0,0,0,0,0,0,0,0,0.4,10,0,2
King,BOU,FWD,64,56.3,39,87,18.2,3,1,0,0,0,0,0,1,0,4.6,269,3,12
Klaassen,EVE,MID,60,0,0,0,0,0,0,0,0,0,0,0,0,0,0,0,0,0
Klavan,LIV,DEF,44,0,0,0,0,0,0,0,0,0,0,0,0,0,0.1,0,0,0
Knockaert,BHA,MID,55,21.4,35.2,52,10.9,5,0,1,0,0,0,0,0,0,0.5,255,0,9
Kolasinac,ARS,DEF,49,0,0,0,0,0,0,0,0,0,0,0,0,0,0.4,0,0,0
Kompany,MCI,DEF,55,10.5,52,6,6.9,2,0,0,0,0,0,0,1,0,2,180,0,3
Kongolo,HUD,DEF,45,21.2,37.2,6,6.5,9,0,0,1,0,0,0,1,0,0.2,270,0,3
Koscielny,ARS,DEF,55,0,0,0,0,0,0,0,0,0,0,0,0,0,0.1,0,0,0
Kouyate,CRY,MID,49,0,5,17,2.2,0,0,0,0,0,0,0,0,0,0.4,2,0,1
Kovacic,CHE,MID,60,7.7,11.6,0,1.9,0,0,0,0,0,0,0,1,0,1,80,0,1
Lacazette,ARS,FWD,94,34,20,33,8.4,2,0,1,0,0,0,0,0,0,2.7,96,0,6
Lallana,LIV,MID,69,0.4,0,0,0,0,0,0,0,0,0,0,0,0,1.1,3,0,1
Lamela,TOT,MID,65,14.8,22.6,56,9.3,0,0,1,0,0,0,0,0,0,0.1,17,0,4
Lanzini,WHU,MID,64,0,0,0,0,0,0,0,0,0,0,0,0,0,0,0,0,0
Laporte,MCI,DEF,55,22.6,82,83,18.8,2,1,0,0,0,0,0,0,0,2.1,270,0,16
Lascelles,NEW,DEF,50,0.6,38.2,26,6.5,2,0,0,0,0,0,0,0,0,7.2,180,2,9
Le Marchand,FUL,DEF,45,1.4,62.6,2,6.7,7,0,0,0,0,0,0,0,0,0.3,228,1,3
Lejeune,NEW,DEF,45,0,0,0,0,0,0,0,0,0,0,0,0,0,0,0,0,0
Lemina,SOU,MID,50,25.3,45.8,64,13.5,4,0,1,0,0,0,0,1,0,0.3,270,0,9
Lennon,BUR,MID,50,14.6,15.6,23,5.3,6,0,0,0,0,0,0,0,0,0.4,228,0,6
Leno,ARS,GKP,49,0,0,0,0,0,0,0,0,0,0,0,0,0,1.7,0,0,0
Lerma,BOU,MID,45,0,0,0,0,0,0,0,0,0,0,0,0,0,0.2,0,0,0
Lewis Cook,BOU,MID,49,1.6,2.4,0,0.4,0,0,0,0,0,0,0,0,0,0.3,15,0,2
Lichtsteiner,ARS,DEF,49,5.8,1,2,0.9,1,0,0,0,0,0,0,0,0,1.7,55,0,1
Lindegaard,BUR,GKP,45,0,0,0,0,0,0,0,0,0,0,0,0,0,0.1,0,0,0
Lindelof,MUN,DEF,50,1.1,40.4,2,4.4,4,0,0,0,0,0,0,0,0,1.2,180,0,3
Lingard,MUN,MID,69,11.9,3.6,2,1.8,0,0,0,0,0,0,0,0,0,3.4,45,0,1
Llorente,TOT,FWD,58,0,0,0,0,0,0,0,0,0,0,0,0,0,0.3,0,0,0
Lloris,TOT,GKP,55,0,34.2,0,3.4,2,0,0,0,0,0,3,0,0,7.4,180,0,4
Locadia,BHA,FWD,55,0.2,0.4,0,0.1,1,0,0,0,0,0,0,0,0,0.1,16,0,2
Loftus-Cheek,CHE,MID,54,1.3,2.2,0,0.4,0,0,0,0,0,0,0,0,0,0.8,22,0,1
Long,SOU,FWD,50,13.5,13.8,6,3.4,1,0,0,0,0,0,0,0,0,1.5,117,0,3
Long,BUR,DEF,44,0,0,0,0,0,0,0,0,0,0,0,0,0,0.6,0,0,0
Lookman,EVE,MID,53,0,0,0,0,0,0,0,0,0,0,0,0,0,0.2,0,0,0
Lovren,LIV,DEF,50,0,0,0,0,0,0,0,0,0,0,0,0,0,2.8,0,0,0
Lowton,BUR,DEF,50,9.9,24.2,1,3.5,6,0,0,0,0,0,0,0,0,0.8,228,0,7
Lucas,WHU,FWD,65,18.4,8.4,6,3.3,2,0,0,0,0,0,0,0,0,0.2,40,0,2
Lucas Moura,TOT,MID,70,14.3,47.6,52,11.4,2,1,0,0,0,0,0,0,0,2.3,157,0,9
Lukaku,MUN,FWD,110,3,39,56,9.9,4,1,0,0,0,0,0,0,0,7.6,113,2,9
Lossl,HUD,GKP,45,0,24,0,2.4,0,0,0,0,0,0,3,0,0,1.6,77,2,9
Lowe,HUD,DEF,45,16.8,18.2,0,3.5,8,0,0,0,0,0,0,0,0,0.2,160,0,0
Maddison,LEI,MID,65,39.7,59.2,42,14.1,2,1,0,0,0,0,0,0,0,2.4,220,1,13
Madine,CAR,FWD,45,0,2,0,0.2,1,0,0,0,0,0,0,0,0,1.3,2,0,1
Maguire,LEI,DEF,55,14,93,9,11.6,3,1,0,0,0,0,0,2,0,15.4,270,3,16
Mahrez,MCI,MID,89,28.8,6.2,33,6.8,0,0,0,0,0,0,0,0,0,3.2,90,0,3
Maitland-Niles,ARS,MID,44,10.3,10.8,0,2.1,1,0,0,0,0,0,0,0,0,0.4,34,0,1
Malone,HUD,DEF,40,0,0,0,0,0,0,0,0,0,0,0,0,0,3,0,0,0
Manquillo,NEW,DEF,44,0.2,0.2,0,0,0,0,0,0,0,0,0,1,0,0.1,45,0,0
Mane,LIV,MID,98,72.9,133,150,35.6,0,3,0,0,0,0,0,0,0,36.6,250,5,29
March,BHA,MID,50,35.4,42.2,2,8.1,5,0,1,0,0,0,0,0,0,0.1,234,0,9
Mariappa,WAT,DEF,44,0,0,0,0,0,0,0,0,0,0,0,0,0,0.2,0,0,0
Martial,MUN,MID,73,3,0,22,2.4,3,0,0,0,0,0,0,1,0,0.6,59,0,0
Martina,EVE,DEF,45,0,0,0,0,0,0,0,0,0,0,0,0,0,0.1,0,0,0
Masina,WAT,DEF,44,0,0,0,0,0,0,0,0,0,0,0,0,0,0.1,0,0,0
Masuaku,WHU,MID,45,19,82.8,4,10.6,9,0,0,0,0,0,0,0,0,2.2,270,0,6
Mata,MUN,MID,64,31.5,27,3,6.2,4,0,1,0,0,0,0,0,0,1.9,135,0,6
Matic,MUN,MID,50,0,0,0,0,0,0,0,0,0,0,0,0,0,0.6,0,0,0
Matip,LIV,DEF,49,0,0.4,0,0,0,0,0,0,0,0,0,0,0,0.1,1,0,1
Mavropanos,ARS,DEF,49,0,0,0,0,0,0,0,0,0,0,0,0,0,0.2,0,0,0
Mawson,FUL,DEF,50,0,0,0,0,0,0,0,0,0,0,0,0,0,0.2,0,0,0
Mbemba,NEW,DEF,40,0,0,0,0,0,0,0,0,0,0,0,0,0,0.2,0,0,0
Mbenza,HUD,MID,60,0,1,0,0.1,0,0,0,0,0,0,0,0,0,0,22,0,1
McArthur,CRY,MID,50,15.1,25.8,4,4.5,4,0,0,0,0,0,0,0,0,1.3,270,0,7
McCarthy,SOU,GKP,45,0,103.4,0,10.4,4,0,0,0,0,0,14,0,0,3,270,3,15
McCarthy,EVE,MID,45,0,0,0,0,0,0,0,0,0,0,0,0,0,0,0,0,0
McDonald,FUL,MID,45,6.3,17.8,8,3.2,4,0,0,0,0,0,0,1,0,0.3,138,0,2
McQueen,SOU,DEF,40,0,0,0,0,0,0,0,0,0,0,0,0,0,1.2,0,0,0
McTominay,MUN,MID,45,0.6,0.4,2,0.3,1,0,0,0,0,0,0,0,0,0.7,14,0,1
Mee,BUR,DEF,50,12.1,57.8,10,8,6,0,1,0,0,0,0,0,0,4.7,228,2,12
Mendez-Laing,CAR,MID,50,1.4,8,34,4.4,1,0,0,0,0,0,0,0,0,0.1,83,0,4
Mendy,LEI,MID,45,5.3,26.2,2,3.4,1,0,0,0,0,0,0,0,0,0.7,180,0,5
Mendy,MCI,DEF,63,96.4,119,57,27.2,2,0,4,0,0,0,0,0,0,30.8,270,5,27
Merino,NEW,MID,50,0,0,0,0,0,0,0,0,0,0,0,0,0,0,0,0,0
Meyer,CRY,MID,59,0.1,1,8,0.9,1,0,1,0,0,0,0,1,0,0.4,22,0,4
Mignolet,LIV,GKP,50,0,0,0,0,0,0,0,0,0,0,0,0,0,0.1,0,0,0
Milivojevic,CRY,MID,64,39.9,36.4,7,8.3,4,0,0,0,0,0,0,0,0,6.5,270,0,7
Milner,LIV,MID,55,90.5,91,41,22.3,0,1,1,0,0,0,0,0,0,3.4,246,3,20
Mina,EVE,DEF,55,0,0,0,0,0,0,0,0,0,0,0,0,0,1.1,0,0,0
Mings,BOU,DEF,45,0,0,0,0,0,0,0,0,0,0,0,0,0,0.2,0,0,0
Mir,WOL,FWD,45,0,0,0,0,0,0,0,0,0,0,0,0,0,0.1,0,0,0
Mirallas,EVE,MID,55,0,0,0,0,0,0,0,0,0,0,0,0,0,0,0,0,0
Miranda,WOL,DEF,40,0,0,0,0,0,0,0,0,0,0,0,0,0,0.1,0,0,0
Mitrovic,FUL,FWD,65,8.1,35.2,108,15.1,7,3,0,0,0,0,0,0,0,6.4,228,0,17
Mkhitaryan,ARS,MID,71,90,83.2,106,27.9,6,1,1,0,0,0,0,0,0,19.8,270,2,16
Monreal,ARS,DEF,55,19.1,59.6,59,13.7,4,1,0,0,0,0,0,0,0,1.1,180,2,11
Montoya,BHA,DEF,45,15.2,29,8,5.2,3,0,0,0,0,0,0,0,0,0.2,180,0,3
Mooy,HUD,MID,54,35.5,32.6,0,6.8,3,0,0,0,0,0,0,0,0,2.8,180,0,5
Morata,CHE,FWD,90,25.2,39.2,67,13.2,2,1,0,0,0,0,0,0,0,4.8,214,0,9
Moreno,LIV,DEF,44,0,0,0,0,0,0,0,0,0,0,0,0,0,0.4,0,0,0
Morgan,LEI,DEF,45,1.1,35.4,0,3.7,3,0,0,0,0,0,0,0,0,1.4,180,0,3
Morrison,CAR,DEF,50,21.4,40,47,10.9,2,0,0,0,0,0,0,0,0,0.6,270,0,13
Moses,CHE,DEF,59,10.8,1.2,0,1.2,0,0,0,0,0,0,0,0,0,2.7,9,0,1
Mounie,HUD,FWD,60,28.8,27.2,74,13,8,0,1,0,0,0,0,0,0,0.3,252,0,9
Mousset,BOU,FWD,50,0,0,0,0,0,0,0,0,0,0,0,0,0,0.3,2,0,2
Moutinho,WOL,MID,54,63,60.6,2,12.6,5,0,1,0,0,0,0,0,0,1.3,264,1,10
Muric,MCI,GKP,45,0,0,0,0,0,0,0,0,0,0,0,0,0,0,0,0,0
Murphy,CAR,MID,50,56.7,19,45,12,1,0,0,0,0,0,0,0,0,0.2,194,0,7
Murphy,NEW,MID,49,4.3,7.2,0,1.2,0,0,0,0,0,0,0,0,0,0.1,70,0,2
Murray,BHA,FWD,65,16,33.6,45,9.4,4,1,0,0,0,0,0,1,0,0.8,270,0,9
Mustafi,ARS,DEF,55,11.2,94.2,38,14.4,6,0,0,0,0,0,0,1,0,1.2,270,0,3
Muto,NEW,FWD,59,0.3,3,39,4.1,0,0,0,0,0,0,0,0,0,0.1,34,0,2
Navarro,WAT,DEF,44,0,0,0,0,0,0,0,0,0,0,0,0,0,0.1,0,0,0
Ndidi,LEI,MID,50,30.3,50.6,29,11.1,3,0,0,0,0,0,0,0,0,0.8,270,0,7
Nelson,ARS,MID,44,0,0,0,0,0,0,0,0,0,0,0,0,0,0.7,0,0,0
Neves,WOL,MID,51,43,101.6,35,17.9,5,1,1,0,0,0,0,0,0,22.8,270,2,16
Niasse,EVE,FWD,54,1,0.6,4,0.5,0,0,0,0,0,0,0,0,0,0.7,13,0,2
Nkoudou,TOT,MID,50,0,0,0,0,0,0,0,0,0,0,0,0,0,0,0,0,0
Noble,WHU,MID,50,23.3,19.2,0,4.3,6,0,0,0,0,0,0,1,0,0.4,166,0,3
Norris,WOL,GKP,40,0,0,0,0,0,0,0,0,0,0,0,0,0,2.4,0,0,0
Obiang,WHU,MID,45,0,0,0,0,0,0,0,0,0,0,0,0,0,1,0,0,0
Odoi,FUL,DEF,45,0,0,0,0,2,0,0,0,0,0,0,0,0,0.2,48,0,0
Ogbonna,WHU,DEF,45,14,45.8,2,6.2,6,0,0,0,0,0,0,1,0,0.8,180,0,0
Okaka,WAT,FWD,50,0,0,0,0,0,0,0,0,0,0,0,0,0,0,0,0,0
Okazaki,LEI,FWD,54,1,0,0,0.1,0,0,0,0,0,0,0,0,0,0.8,2,0,1
Oriol Romeu,SOU,MID,45,4.9,21.6,18,4.5,3,0,0,0,0,0,0,1,0,2.7,172,0,5
Otamendi,MCI,DEF,63,0,0,0,0,0,0,0,0,0,0,0,0,0,4.5,0,0,0
Oxford,WHU,DEF,44,0,0,0,0,0,0,0,0,0,0,0,0,0,0.1,0,0,0
Paterson,CAR,MID,54,47.8,28,40,11.6,1,0,0,0,0,0,0,0,0,0.1,149,0,6
Patricio,WOL,GKP,45,0,65.6,0,6.5,5,0,0,0,0,0,9,0,0,5.5,270,0,6
Pedro,CHE,MID,66,55,88,77,22,2,2,0,0,0,0,0,0,0,9.4,220,2,18
Peltier,CAR,DEF,40,1,10.8,0,1.2,2,0,0,0,0,0,0,1,0,3.4,90,0,0
Pereira,LEI,DEF,51,41.9,74.4,53,16.9,3,0,2,0,0,0,0,0,0,5.6,270,3,18
Pereira,MUN,MID,49,6.6,24.4,0,3.1,4,0,0,0,0,0,0,1,0,0.5,135,0,2
Pereyra,WAT,MID,61,32.7,82.4,68,18.3,2,3,0,0,0,0,0,1,0,7.7,266,3,24
Pickford,EVE,GKP,50,0,62.6,0,6.3,5,0,0,0,0,0,8,0,0,18.5,270,0,6
Pilkington,CAR,MID,44,0,0,0,0,0,0,0,0,0,0,0,0,0,0.2,0,0,0
Pogba,MUN,MID,82,35.7,104.8,55,19.6,3,2,0,0,0,0,0,0,0,18.7,173,3,18
Pope,BUR,GKP,50,0,0,0,0,0,0,0,0,0,0,0,0,0,0.3,0,0,0
Pritchard,HUD,MID,50,5.5,9.4,13,2.8,6,0,0,0,0,0,0,0,0,0.1,105,0,3
Prodl,WAT,DEF,44,0,0,0,0,0,0,0,0,0,0,0,0,0,0.1,0,0,0
Propper,BHA,MID,50,5.3,42,13,6.1,5,0,0,0,0,0,0,0,0,0.2,270,0,6
Pugh,BOU,MID,45,0,0,0,0,0,0,0,0,0,0,0,0,0,0.6,0,0,0
Puncheon,CRY,MID,45,0,0,0,0,0,0,0,0,0,0,0,0,0,0.7,0,0,0
Perez,NEW,FWD,64,14.9,27.8,55,9.8,2,0,0,0,0,0,0,0,0,2.2,144,0,4
Quaner,HUD,FWD,45,0,0,0,0,0,0,0,0,0,0,0,0,0,4.5,0,0,0
Quina,WAT,MID,45,0,0,0,0,0,0,0,0,0,0,0,0,0,0.1,0,0,0
Ralls,CAR,MID,49,87.2,63.6,34,18.4,2,0,0,0,0,0,0,0,0,0.3,270,0,8
Ramsey,ARS,MID,74,47.4,28.8,68,14.4,3,0,0,0,0,0,0,0,0,1.1,165,0,4
Rashford,MUN,FWD,69,7.5,13.6,4,2.5,0,0,0,0,0,0,0,0,0,8.4,111,0,3
Ream,FUL,DEF,44,0,0,0,0,0,0,0,0,0,0,0,0,0,0.2,0,0,0
Redmond,SOU,MID,55,38.7,20.2,61,11.9,4,0,0,0,0,0,0,0,0,0.4,270,0,7
Reid,CAR,FWD,54,36.3,10.2,59,10.6,1,0,0,0,0,0,0,0,0,0.5,116,0,4
Reid,WHU,DEF,45,0,0,0,0,0,0,0,0,0,0,0,0,0,0,0,0,0
Rice,WHU,DEF,45,0.6,3,0,0.4,2,0,0,0,0,0,0,0,0,0.3,45,0,0
Richarlison,EVE,MID,68,35.3,129.2,111,27.3,5,3,0,0,0,0,0,1,1,33.3,210,5,21
Rico,BOU,DEF,45,0,0,0,0,0,0,0,0,0,0,0,0,0,0,0,0,0
Rico,FUL,GKP,45,0,0,0,0,0,0,0,0,0,0,0,0,0,0.2,0,0,0
Riedewald,CRY,DEF,44,0,0,0,0,0,0,0,0,0,0,0,0,0,0.1,0,0,0
Ritchie,NEW,MID,60,37.2,25.8,9,7.2,2,0,1,0,0,0,0,1,0,1,187,0,8
Robertson,LIV,DEF,61,106.5,67.8,30,20.5,0,0,1,0,0,0,0,0,0,19.6,270,6,27
Rojo,MUN,DEF,50,0,0,0,0,0,0,0,0,0,0,0,0,0,0.1,0,0,0
Romero,MUN,GKP,50,0,0,0,0,0,0,0,0,0,0,0,0,0,0.1,0,0,0
Rondon,NEW,FWD,59,0.5,0,26,2.5,0,0,0,0,0,0,0,0,0,1.1,81,0,2
Rose,TOT,DEF,59,0,0,0,0,0,0,0,0,0,0,0,0,0,1.1,0,0,0
Ruddy,WOL,GKP,45,0,0,0,0,0,0,0,0,0,0,0,0,0,0.4,0,0,0
Ryan,BHA,GKP,45,0,77.4,0,7.8,5,0,0,0,0,0,10,0,0,4.4,270,0,7
Rudiger,CHE,DEF,60,33.7,33.4,21,8.9,2,0,0,0,0,0,0,0,0,3,230,3,11
Sabiri,HUD,MID,45,0.5,4.2,2,0.7,3,0,0,0,0,0,0,0,0,0.1,45,0,1
Sakho,CRY,DEF,50,0.4,29.4,0,3,4,0,0,0,0,0,0,0,0,1.6,270,1,9
Sako,CRY,MID,50,0,0,0,0,0,0,0,0,0,0,0,0,0,0,0,0,0
Salah,LIV,MID,130,142.5,127.2,255,52.5,0,2,2,0,0,0,0,0,0,54.6,266,0,25
Sandro,EVE,FWD,54,0,0,0,0,0,0,0,0,0,0,0,0,0,0.2,0,0,0
Sane,MCI,MID,94,17.5,8.6,58,8.4,0,0,1,0,0,0,0,0,0,7.2,30,0,6
Saiss,WOL,DEF,44,0,0,0,0,0,0,0,0,0,0,0,0,0,0.2,0,0,0
Schelotto,BHA,DEF,40,0,0,0,0,0,0,0,0,0,0,0,0,0,2.1,0,0,0
Schindler,HUD,DEF,45,11.9,71.8,6,9,9,0,0,0,0,0,0,2,0,2.5,270,3,7
Schlupp,CRY,DEF,45,16,52.6,24,9.3,3,1,0,0,0,0,0,1,0,4.2,246,0,14
Schmeichel,LEI,GKP,50,0,72.8,4,7.7,3,0,0,0,0,0,10,0,0,5.7,270,0,11
Schneiderlin,EVE,MID,45,28.2,33.2,2,6.3,2,0,1,0,0,0,0,0,0,2.4,113,0,6
Schar,NEW,DEF,49,0,0,0,0,0,0,0,0,0,0,0,0,0,0.2,50,0,1
Schurrle,FUL,MID,59,22.2,4.6,4,3.1,3,0,0,0,0,0,0,0,0,3.6,110,0,4
Sema,WAT,MID,49,0.9,6.4,17,2.4,1,0,0,0,0,0,0,0,0,0.1,48,0,3
Seri,FUL,MID,54,37.6,39,8,8.5,7,1,0,0,0,0,0,0,0,1.4,219,0,10
Sessegnon,FUL,MID,64,35.3,35.6,82,15.3,5,0,1,0,0,0,0,0,0,7.2,180,0,7
Shaqiri,LIV,MID,73,1.9,0.4,0,0.2,0,0,0,0,0,0,0,0,0,3.5,8,0,1
Shaw,MUN,DEF,51,16.5,74.4,55,14.6,4,1,1,0,0,0,0,0,0,9,180,3,15
Shelvey,NEW,MID,55,91.8,33.8,25,15,2,0,0,0,0,0,0,0,0,1.1,180,0,5
Sigurdsson,EVE,MID,74,125.3,52.2,27,20.3,3,0,1,0,0,0,0,1,0,1.5,223,0,7
Silva,LEI,MID,50,6.3,14.2,0,2.1,1,0,0,0,0,0,0,0,0,0.3,87,0,3
Simpson,LEI,DEF,44,0,0,0,0,0,0,0,0,0,0,0,0,0,0.3,0,0,0
Simpson,BOU,DEF,40,0,0,0,0,0,0,0,0,0,0,0,0,0,5.2,0,0,0
Sims,SOU,MID,45,0,0,0,0,0,0,0,0,0,0,0,0,0,0.1,0,0,0
Sinclair,WAT,FWD,45,0,0,0,0,0,0,0,0,0,0,0,0,0,0.1,0,0,0
Sissoko,TOT,MID,50,7.1,10.6,17,3.5,1,0,0,0,0,0,0,0,0,0.1,90,0,2
Smalling,MUN,DEF,58,0,0,0,0,0,0,0,0,0,0,0,0,0,1.8,0,0,0
Smith,HUD,DEF,45,4.3,17.4,2,2.4,6,0,0,0,0,0,0,0,0,0.1,90,0,-1
Smithies,CAR,GKP,45,0,0,0,0,0,0,0,0,0,0,0,0,0,0.1,0,0,0
Snodgrass,WHU,MID,55,43.5,23.2,29,9.5,6,0,0,0,0,0,0,0,0,0.1,195,0,5
Sobhi,HUD,MID,48,2.3,1,2,0.5,1,0,0,0,0,0,0,0,0,0.2,6,0,1
Sokratis,ARS,DEF,54,10.7,56.4,0,6.7,6,0,0,0,0,0,0,2,0,2,270,0,2
Solanke,LIV,FWD,49,0,0,0,0,0,0,0,0,0,0,0,0,0,0.3,0,0,0
Son,TOT,MID,83,1,8,2,1.1,0,0,0,0,0,0,0,0,0,1.8,10,0,1
Souare,CRY,DEF,45,0.1,1,0,0.1,0,0,0,0,0,0,0,0,0,0.1,1,0,1
Speroni,CRY,GKP,40,0,0,0,0,0,0,0,0,0,0,0,0,0,12.9,0,0,0
Stanislas,BOU,MID,60,0,0,0,0,0,0,0,0,0,0,0,0,0,0,0,0,0
Stankovic,HUD,DEF,40,0.3,49.6,34,8.4,6,1,0,0,0,0,0,0,0,3.3,90,0,5
Steele,BHA,GKP,40,0,0,0,0,0,0,0,0,0,0,0,0,0,1.5,0,0,0
Stekelenburg,EVE,GKP,40,0,0,0,0,0,0,0,0,0,0,0,0,0,4.4,0,0,0
Stephens,BHA,MID,45,25.4,74.6,6,10.6,5,0,0,0,0,0,0,1,0,8.8,270,0,5
Stephens,SOU,DEF,45,22.2,44.6,33,10,2,0,0,0,0,0,0,1,0,0.4,180,0,6
Sterling,MCI,MID,110,31.7,47.4,79,15.8,1,1,0,0,0,0,0,1,0,2.9,170,0,9
Steve Cook,BOU,DEF,46,12.1,132,28,17.2,3,1,1,0,0,0,0,0,0,8.5,270,3,21
Stones,MCI,DEF,55,25.5,31.2,6,6.3,1,0,0,0,0,0,0,0,0,10.9,180,2,10
Sturridge,LIV,FWD,60,3.7,35,66,10.5,0,1,0,0,0,0,0,0,0,1.3,14,0,7
Success,WAT,FWD,45,23.2,4.4,0,2.8,0,0,0,0,0,0,0,0,0,0.8,18,0,3
Surman,BOU,MID,50,39.1,29,3,7.1,3,0,0,0,0,0,0,0,0,0.3,255,0,7
Suttner,BHA,DEF,40,0,0,0,0,0,0,0,0,0,0,0,0,0,6.9,0,0,0
Sanchez,MUN,MID,103,45.9,13.8,22,8.2,1,0,1,0,0,0,0,0,0,3.3,90,0,5
Sanchez,TOT,DEF,60,11.7,55.6,15,8.2,2,0,1,0,0,0,0,0,0,2.5,152,0,7
Soyuncu,LEI,DEF,50,0,0,0,0,0,0,0,0,0,0,0,0,0,0,0,0,0
Sorloth,CRY,FWD,50,11.1,2.6,2,1.6,1,0,0,0,0,0,0,0,0,0.3,32,0,3
Targett,SOU,DEF,44,0,0,0,0,0,0,0,0,0,0,0,0,0,0.1,0,0,0
Tarkowski,BUR,DEF,50,11.6,111.6,41,16.4,6,2,0,0,0,0,0,0,0,10,228,1,20
Taylor,BUR,DEF,45,0.6,1.2,0,0.2,2,0,0,0,0,0,0,0,0,0.2,48,0,2
Tomkins,CRY,DEF,45,0.6,52.2,21,7.4,2,0,0,0,0,0,0,0,0,7.2,180,0,7
Torreira,ARS,MID,49,15.7,19.2,0,3.5,1,0,0,0,0,0,0,0,0,1.5,99,0,3
Tosun,EVE,FWD,70,45.5,48.6,56,15,5,0,2,0,0,0,0,1,0,5.7,237,0,11
Townsend,CRY,MID,60,30.3,36.4,21,8.8,3,0,0,0,0,0,0,0,0,1.8,255,0,7
Traore,WOL,MID,55,45.6,24.2,4,7.4,0,0,0,0,0,0,0,0,0,0.4,63,0,2
Trippier,TOT,DEF,60,41.8,47.2,31,12,1,1,0,0,0,0,0,0,0,24.1,90,3,11
Valencia,MUN,DEF,65,0,0,0,0,0,0,0,0,0,0,0,0,0,0.6,0,0,0
Vardy,LEI,FWD,89,16.8,35,45,9.5,1,1,0,0,0,0,0,0,1,3.8,92,1,5
Vertonghen,TOT,DEF,60,5.1,89,51,14.5,2,1,0,0,0,0,0,0,0,10.8,180,3,13
Vestergaard,SOU,DEF,49,11.3,36.6,10,5.8,2,0,0,0,0,0,0,0,0,0.5,180,0,7
Vietto,FUL,FWD,55,24.6,7.4,4,3.6,3,0,2,0,0,0,0,0,0,0.4,67,0,8
Vinagre,WOL,DEF,45,15.2,7.2,0,2.2,0,0,0,0,0,0,0,0,0,0.1,19,0,2
Vlasic,EVE,MID,50,0,0,0,0,0,0,0,0,0,0,0,0,0,0,0,0,0
Vokes,BUR,FWD,54,11.7,2.2,26,3.8,0,0,0,0,0,0,0,0,0,0.9,37,0,2
Vorm,TOT,GKP,49,0,0,0,0,0,0,0,0,0,0,0,0,0,0.1,0,0,0
Vydra,BUR,FWD,60,0,0,0,0,0,0,0,0,0,0,0,0,0,0.1,0,0,0
Walcott,EVE,MID,66,46.7,98,59,20.5,5,2,1,0,0,0,0,0,0,7.6,264,3,22
Walker,MCI,DEF,65,6.7,21.4,12,4,1,0,0,0,0,0,0,0,0,10.8,180,1,9
Walker-Peters,TOT,DEF,44,0,0,0,0,0,0,0,0,0,0,0,0,0,0.4,0,0,0
Walters,BUR,MID,49,0,0,0,0,0,0,0,0,0,0,0,0,0,0.1,0,0,0
Wan-Bissaka,CRY,DEF,41,26.3,58.4,4,8.9,2,0,1,0,0,0,0,0,1,21,164,3,10
Wanyama,TOT,MID,49,0,0,0,0,0,0,0,0,0,0,0,0,0,0,0,0,0
Ward,CRY,DEF,44,0.5,1.4,0,0.2,3,0,0,0,0,0,0,0,0,0.3,101,0,2
Ward,CAR,MID,45,12.1,7.2,17,3.6,1,0,0,0,0,0,0,0,0,0.3,59,0,2
Ward,BUR,DEF,50,16.9,33,19,6.9,6,0,0,0,0,0,0,1,0,2.1,211,0,6
Ward,LEI,GKP,45,0,0,0,0,0,0,0,0,0,0,0,0,0,0.2,0,0,0
Ward-Prowse,SOU,MID,54,61.8,26,9,9.7,2,0,0,0,0,0,0,0,0,0.4,83,0,2
Welbeck,ARS,FWD,65,0.3,38.2,34,7.3,0,1,0,0,0,0,0,0,0,0.5,15,3,8
Wells,BUR,FWD,45,0,0,0,0,0,0,0,0,0,0,0,0,0,2,0,0,0
Westwood,BUR,MID,45,41.8,31.8,12,8.6,6,0,0,0,0,0,0,0,0,1.5,228,0,6
Wickham,CRY,FWD,50,0,0,0,0,0,0,0,0,0,0,0,0,0,0.1,0,0,0
Wijnaldum,LIV,MID,55,37.2,44,86,16.7,0,0,0,0,0,0,0,0,0,0.7,270,0,9
Williams,EVE,DEF,45,0,0,0,0,0,0,0,0,0,0,0,0,0,0.1,0,0,0
Williams,HUD,MID,45,0,0,0,0,0,0,0,0,0,0,0,0,0,0,0,0,0
Willian,CHE,MID,75,68.1,30.6,26,12.5,2,0,1,0,0,0,0,0,0,8,135,0,8
Wilshere,WHU,MID,49,21.4,35,11,6.7,9,0,0,0,0,0,0,2,0,3.8,270,0,4
Wilson,BOU,FWD,61,55.1,102.6,190,34.4,3,2,3,0,1,0,0,0,0,13.1,270,1,22
Winks,TOT,MID,55,0.1,0.2,0,0,0,0,0,0,0,0,0,0,0,0,1,0,1
Wood,BUR,FWD,65,5.1,5.8,60,7,6,0,0,0,0,0,0,0,0,0.5,184,0,5
Xhaka,ARS,MID,54,31.7,29.8,7,6.9,5,0,0,0,0,0,0,2,0,3.1,204,0,3
Yarmolenko,WHU,MID,69,13.8,2.6,0,1.6,2,0,0,0,0,0,0,1,0,0.7,61,0,2
Yedlin,NEW,DEF,45,1.2,6,1,0.8,2,0,0,0,0,0,0,0,0,1,140,0,2
Yoshida,SOU,DEF,44,0,0,0,0,0,0,0,0,0,0,0,0,0,1,0,0,0
Young,MUN,DEF,59,19.8,17.2,0,3.7,3,0,0,0,0,0,0,0,0,1.7,90,0,1
Zabaleta,WHU,DEF,44,18.2,21.8,6,4.6,2,0,0,0,0,0,0,1,0,2.6,90,0,0
Zaha,CRY,FWD,70,27.4,53.8,99,18.1,4,2,0,0,0,0,0,2,0,31.8,270,0,12
Zambo Anguissa,FUL,MID,45,2.7,18.2,2,2.3,3,0,0,0,0,0,0,0,0,0.2,90,0,2
Zanka,HUD,DEF,45,12.2,34.4,2,4.9,3,0,0,0,0,0,0,0,0,5.8,180,0,7
Zappacosta,CHE,DEF,53,0,0,0,0,0,0,0,0,0,0,0,0,0,0.2,0,0,0
Zeegelaar,WAT,DEF,44,0,0,0,0,0,0,0,0,0,0,0,0,0,0.1,0,0,0
Zinchenko,MCI,MID,49,0,0,0,0,0,0,0,0,0,0,0,0,0,0,0,0,0
Zohore,CAR,FWD,49,39.9,7.8,54,10.2,0,0,0,0,0,0,0,0,0,0.6,148,0,3
Zouma,EVE,DEF,50,0,0,0,0,0,0,0,0,0,0,0,0,0,0.1,1,0,1
van Aanholt,CRY,DEF,55,24.2,48.2,27,9.9,4,0,1,0,0,0,0,1,0,5.8,270,2,12
van Dijk,LIV,DEF,60,6.8,65.8,6,7.9,0,0,0,0,0,0,0,0,0,18.2,270,2,20
van La Parra,HUD,MID,49,2.8,0,2,0.5,0,0,0,0,0,0,0,0,0,0.1,90,0,3
Ozil,ARS,MID,84,27,10.2,18,5.5,4,0,0,0,0,0,0,0,0,3.6,157,0,4
